CustomerID,Gender,Age,Tenure,PhoneService,InternetService,Contract,MonthlyCharges,TotalCharges,Churn
CUS_00001,Male,23,64,Yes,No internet,Month-to-month,18.0,1153.38,No
CUS_00002,Female,66,34,Yes,Fiber optic,Two years,86.71,2919.47,No
CUS_00003,Female,59,71,Yes,DSL,Month-to-month,64.32,4560.6,No
CUS_00004,Female,45,55,Yes,Fiber optic,One year,75.51,4162.51,No
CUS_00005,Male,45,47,Yes,DSL,One year,79.11,3709.24,No
CUS_00006,Female,72,65,Yes,Fiber optic,One year,114.78,7494.17,No
CUS_00007,Male,23,37,Yes,Fiber optic,Month-to-month,92.99,3439.57,No
CUS_00008,Female,61,52,Yes,DSL,Month-to-month,63.06,3280.09,No
CUS_00009,Male,30,20,Yes,DSL,Month-to-month,53.08,1072.35,No
CUS_00010,Male,23,70,Yes,Fiber optic,Month-to-month,107.55,7524.96,No
CUS_00011,Female,51,45,Yes,DSL,One year,82.55,3717.37,No
CUS_00012,Male,79,57,Yes,No internet,Month-to-month,39.61,2264.18,No
CUS_00013,Female,64,33,Yes,Fiber optic,Month-to-month,81.88,2680.34,No
CUS_00014,Female,65,63,Yes,,Month-to-month,72.92,4590.22,No
CUS_00015,Male,63,5,Yes,DSL,One year,97.27,500.87,No
CUS_00016,Male,67,8,Yes,Fiber optic,Month-to-month,102.42,820.57,No
CUS_00017,Female,50,37,Yes,No internet,One year,27.71,,No
CUS_00018,Male,26,53,Yes,DSL,Month-to-month,81.48,4295.33,No
CUS_00019,Male,70,59,Yes,DSL,Two years,58.48,3432.53,No
CUS_00020,Male,46,32,Yes,DSL,One year,60.42,1941.81,No
CUS_00021,Male,49,47,No,Fiber optic,Month-to-month,82.51,3890.83,No
CUS_00022,Female,41,40,Yes,Fiber optic,Month-to-month,105.1,4200.34,No
CUS_00023,Male,29,70,Yes,Fiber optic,Month-to-month,111.15,7788.51,No
CUS_00024,Female,76,47,Yes,Fiber optic,Month-to-month,69.05,3254.61,No
CUS_00025,Male,67,30,Yes,DSL,Month-to-month,57.88,1727.92,No
CUS_00026,Female,58,70,Yes,DSL,Two years,82.8,5785.47,No
CUS_00027,Male,43,7,Yes,DSL,One year,73.26,515.32,No
CUS_00028,Male,69,71,Yes,No internet,Month-to-month,18.0,1280.93,No
CUS_00029,Female,52,11,No,Fiber optic,One year,114.82,1238.92,No
CUS_00030,Male,45,21,Yes,DSL,Month-to-month,66.08,1385.33,No
CUS_00031,Male,46,59,Yes,Fiber optic,Two years,89.89,5299.56,No
CUS_00032,Female,32,53,No,DSL,Month-to-month,50.66,2688.79,No
CUS_00033,Male,23,70,Yes,DSL,One year,82.7,5788.87,No
CUS_00034,Male,52,54,Yes,DSL,One year,70.37,3793.07,No
CUS_00035,Male,73,46,Yes,No internet,Month-to-month,39.63,1831.89,No
CUS_00036,Female,22,25,Yes,Fiber optic,Month-to-month,62.1,1546.47,No
CUS_00037,Female,72,0,Yes,Fiber optic,Month-to-month,112.08,0.0,Yes
CUS_00038,Female,70,9,Yes,DSL,Two years,81.51,710.24,No
CUS_00039,Female,35,21,Yes,DSL,Month-to-month,68.25,1424.48,No
CUS_00040,Male,57,2,Yes,Fiber optic,One year,78.35,163.98,No
CUS_00041,Male,28,37,Yes,DSL,One year,34.35,1272.93,No
CUS_00042,Male,65,56,Yes,No internet,Two years,24.44,1371.28,No
CUS_00043,Male,62,70,Yes,Fiber optic,Month-to-month,101.88,7141.7,Yes
CUS_00044,Male,40,35,No,Fiber optic,Month-to-month,115.65,4091.21,No
CUS_00045,Female,22,63,Yes,Fiber optic,One year,109.73,6898.22,No
CUS_00046,Female,79,71,Yes,No internet,Month-to-month,18.0,1272.75,No
CUS_00047,Female,46,62,Yes,Fiber optic,Two years,111.4,6885.73,No
CUS_00048,Female,74,33,Yes,Fiber optic,Month-to-month,81.47,2678.19,No
CUS_00049,Female,60,23,Yes,No internet,Month-to-month,18.0,410.84,No
CUS_00050,Male,67,71,Yes,DSL,Two years,62.69,4452.05,No
CUS_00051,Female,65,17,Yes,No internet,Month-to-month,18.83,324.36,No
CUS_00052,Female,30,30,No,DSL,Month-to-month,82.26,2490.6,Yes
CUS_00053,Male,40,5,Yes,Fiber optic,Month-to-month,102.09,519.72,Yes
CUS_00054,Male,47,57,Yes,Fiber optic,Month-to-month,80.22,4603.46,No
CUS_00055,Female,49,47,Yes,Fiber optic,Two years,120.0,5632.3,No
CUS_00056,Male,20,6,No,Fiber optic,Month-to-month,101.89,581.4,No
CUS_00057,Female,52,16,Yes,Fiber optic,Month-to-month,73.73,1193.66,No
CUS_00058,Female,27,40,Yes,DSL,Month-to-month,71.15,2822.45,No
CUS_00059,Male,64,39,Yes,DSL,Two years,83.2,3233.49,No
CUS_00060,Male,61,58,Yes,DSL,Month-to-month,74.38,4321.0,No
CUS_00061,Male,76,19,Yes,Fiber optic,Two years,111.33,2113.22,No
CUS_00062,Male,64,67,No,Fiber optic,Two years,74.33,4977.56,No
CUS_00063,Male,41,32,No,DSL,Month-to-month,42.78,1359.87,No
CUS_00064,Female,78,60,Yes,No internet,Two years,27.82,1669.15,No
CUS_00065,Male,43,17,Yes,DSL,One year,70.02,1202.99,No
CUS_00066,Male,38,2,Yes,Fiber optic,Month-to-month,99.62,199.6,Yes
CUS_00067,Male,75,4,No,Fiber optic,Month-to-month,100.75,387.94,No
CUS_00068,Female,41,27,Yes,DSL,Two years,73.06,1956.21,No
CUS_00069,Male,22,69,Yes,Fiber optic,One year,90.49,6230.62,No
CUS_00070,Male,47,3,Yes,Fiber optic,One year,62.04,190.5,No
CUS_00071,Female,68,26,Yes,DSL,Two years,72.23,1882.45,No
CUS_00072,Male,29,7,Yes,No internet,Month-to-month,22.4,153.57,Yes
CUS_00073,Male,47,68,No,No internet,Two years,22.38,1512.93,No
CUS_00074,Male,26,49,No,Fiber optic,Two years,68.4,3356.77,No
CUS_00075,Male,61,55,No,No internet,Month-to-month,46.96,2575.21,No
CUS_00076,Male,47,52,Yes,No internet,Month-to-month,21.17,1103.47,No
CUS_00077,Female,38,47,Yes,DSL,Month-to-month,74.39,3486.21,No
CUS_00078,Male,32,56,Yes,Fiber optic,Two years,96.06,5362.28,No
CUS_00079,Male,53,0,Yes,Fiber optic,Month-to-month,92.87,2.56,Yes
CUS_00080,Male,60,63,Yes,DSL,One year,61.99,3931.68,No
CUS_00081,Female,77,54,Yes,DSL,Month-to-month,84.85,4593.34,No
CUS_00082,Female,45,53,Yes,DSL,Month-to-month,95.18,5046.87,No
CUS_00083,Male,28,28,Yes,Fiber optic,One year,71.13,1996.23,No
CUS_00084,Male,70,58,Yes,Fiber optic,Month-to-month,88.99,5133.37,No
CUS_00085,Male,57,27,Yes,Fiber optic,Two years,112.76,3021.74,No
CUS_00086,Male,62,3,Yes,DSL,Month-to-month,53.64,136.68,Yes
CUS_00087,Male,24,66,Yes,DSL,Two years,89.23,5916.96,No
CUS_00088,Male,37,17,Yes,Fiber optic,Month-to-month,63.43,1095.75,No
CUS_00089,Female,66,7,Yes,Fiber optic,Two years,84.4,596.77,No
CUS_00090,Male,70,45,Yes,No internet,One year,30.21,1360.18,No
CUS_00091,Male,45,17,Yes,No internet,Month-to-month,28.96,484.23,No
CUS_00092,Male,68,62,Yes,No internet,Month-to-month,42.09,2607.92,No
CUS_00093,Female,71,32,Yes,No internet,Month-to-month,18.0,581.81,No
CUS_00094,Female,42,0,Yes,No internet,One year,33.05,0.78,Yes
CUS_00095,Male,74,69,Yes,Fiber optic,Two years,115.78,7977.05,No
CUS_00096,Male,36,37,Yes,DSL,Month-to-month,70.14,2572.98,Yes
CUS_00097,Female,33,19,Yes,DSL,Month-to-month,59.31,1141.63,No
CUS_00098,Female,60,49,Yes,Fiber optic,One year,78.0,3821.02,Yes
CUS_00099,Male,58,38,Yes,DSL,Month-to-month,89.79,3383.63,No
CUS_00100,Female,26,2,Yes,DSL,One year,66.0,121.02,No
CUS_00101,Female,70,55,Yes,No internet,Month-to-month,26.44,1448.12,No
CUS_00102,Male,30,29,Yes,DSL,One year,78.08,2262.47,No
CUS_00103,Female,68,51,Yes,No internet,Two years,34.86,1779.16,No
CUS_00104,Male,18,65,Yes,Fiber optic,Month-to-month,104.41,6777.19,No
CUS_00105,Male,68,44,Yes,Fiber optic,Month-to-month,117.2,5173.19,No
CUS_00106,Male,67,49,Yes,Fiber optic,Month-to-month,93.82,4598.51,No
CUS_00107,Male,67,18,Yes,DSL,One year,58.74,1068.55,No
CUS_00108,Female,59,17,Yes,Fiber optic,Month-to-month,96.1,1627.52,No
CUS_00109,Male,47,30,Yes,DSL,Two years,71.5,2184.19,No
CUS_00110,Male,62,62,Yes,No internet,One year,21.74,1345.67,No
CUS_00111,Male,35,38,Yes,DSL,Month-to-month,66.73,2524.89,No
CUS_00112,Female,67,25,Yes,DSL,One year,72.85,1807.79,No
CUS_00113,Female,53,56,No,Fiber optic,Month-to-month,80.76,4519.49,No
CUS_00114,Female,46,62,Yes,Fiber optic,Two years,86.95,5363.99,Yes
CUS_00115,Male,49,65,Yes,Fiber optic,Month-to-month,82.43,5362.32,No
CUS_00116,Female,53,21,Yes,Fiber optic,One year,120.0,2478.85,No
CUS_00117,Female,20,51,Yes,DSL,Two years,85.29,4352.27,No
CUS_00118,Female,26,43,Yes,Fiber optic,One year,61.63,2635.1,No
CUS_00119,Male,33,32,Yes,DSL,Two years,69.64,2223.7,No
CUS_00120,Female,25,28,No,DSL,Month-to-month,52.11,1464.75,No
CUS_00121,Male,45,8,Yes,DSL,Two years,68.17,573.63,No
CUS_00122,Male,60,20,Yes,DSL,One year,51.23,1014.66,No
CUS_00123,Male,59,40,Yes,DSL,One year,54.88,,No
CUS_00124,Male,47,64,Yes,Fiber optic,Month-to-month,105.64,6747.2,No
CUS_00125,Male,71,63,Yes,DSL,Month-to-month,71.51,4493.93,No
CUS_00126,Male,53,13,Yes,DSL,One year,61.41,790.43,No
CUS_00127,Male,22,49,Yes,Fiber optic,Month-to-month,85.84,4218.89,No
CUS_00128,Female,66,6,Yes,DSL,One year,61.15,361.53,No
CUS_00129,Male,54,49,Yes,Fiber optic,Two years,115.99,5730.47,No
CUS_00130,Female,57,24,Yes,No internet,Two years,29.04,699.13,No
CUS_00131,Female,53,32,Yes,Fiber optic,Month-to-month,87.83,2794.59,No
CUS_00132,Female,52,52,Yes,No internet,Two years,37.34,1939.22,No
CUS_00133,Female,23,31,Yes,DSL,Month-to-month,89.69,2767.44,Yes
CUS_00134,Male,53,58,Yes,DSL,Month-to-month,83.01,4826.53,No
CUS_00135,Female,68,38,Yes,Fiber optic,Two years,103.0,3883.62,No
CUS_00136,Female,37,72,Yes,Fiber optic,Month-to-month,111.2,7979.56,No
CUS_00137,Male,55,46,Yes,No internet,Month-to-month,23.79,1091.81,No
CUS_00138,Male,19,21,Yes,DSL,Month-to-month,68.48,1446.5,No
CUS_00139,Female,39,56,Yes,Fiber optic,Month-to-month,83.25,4680.48,No
CUS_00140,Male,45,29,Yes,DSL,Two years,55.1,1611.59,No
CUS_00141,Male,79,38,Yes,DSL,Month-to-month,78.16,2977.53,No
CUS_00142,Female,31,9,Yes,DSL,Month-to-month,51.37,461.56,No
CUS_00143,Female,35,8,Yes,No internet,One year,29.62,241.2,Yes
CUS_00144,Male,43,41,Yes,DSL,Month-to-month,43.08,1757.41,No
CUS_00145,Female,80,13,Yes,No internet,One year,45.42,575.38,No
CUS_00146,Male,71,72,No,Fiber optic,Two years,88.33,6366.7,No
CUS_00147,Female,20,62,Yes,Fiber optic,One year,106.95,6611.54,No
CUS_00148,Female,32,51,No,Fiber optic,Two years,108.65,5539.87,No
CUS_00149,Male,69,53,Yes,No internet,Month-to-month,35.19,1865.83,No
CUS_00150,Male,21,43,No,DSL,Two years,67.92,2923.59,No
CUS_00151,Female,71,4,No,DSL,Month-to-month,28.11,117.19,No
CUS_00152,Male,35,28,Yes,Fiber optic,Month-to-month,68.03,1915.03,No
CUS_00153,Male,75,36,Yes,DSL,One year,87.84,3165.32,No
CUS_00154,Male,36,66,No,DSL,Month-to-month,97.09,6400.22,No
CUS_00155,Female,45,16,No,DSL,Two years,58.63,939.22,No
CUS_00156,Male,59,36,No,DSL,One year,60.93,2186.94,No
CUS_00157,Female,25,25,Yes,DSL,Two years,65.35,1631.44,No
CUS_00158,Female,53,9,Yes,DSL,Month-to-month,82.26,779.11,No
CUS_00159,Male,49,7,Yes,No internet,Month-to-month,18.0,126.59,No
CUS_00160,Female,67,26,Yes,DSL,One year,64.02,1669.71,No
CUS_00161,Female,80,6,Yes,No internet,Month-to-month,30.92,181.59,No
CUS_00162,Male,59,4,Yes,No internet,Month-to-month,31.68,132.54,No
CUS_00163,Female,43,25,Yes,DSL,One year,76.49,1922.72,No
CUS_00164,Male,43,14,Yes,Fiber optic,Two years,80.65,1140.24,No
CUS_00165,Male,44,40,Yes,Fiber optic,One year,119.86,4799.04,No
CUS_00166,Male,69,1,Yes,Fiber optic,Month-to-month,66.89,79.34,No
CUS_00167,Female,38,22,Yes,DSL,Month-to-month,67.97,1510.9,No
CUS_00168,Female,28,33,Yes,DSL,One year,73.68,2435.19,No
CUS_00169,Male,39,70,Yes,DSL,Month-to-month,80.63,5642.44,No
CUS_00170,Female,19,46,Yes,Fiber optic,Month-to-month,104.36,4817.36,No
CUS_00171,Female,24,64,Yes,No internet,Month-to-month,33.74,2153.87,No
CUS_00172,Female,23,25,No,Fiber optic,Month-to-month,68.58,1705.64,No
CUS_00173,Female,66,32,Yes,Fiber optic,Month-to-month,91.99,2942.8,Yes
CUS_00174,Male,63,30,Yes,No internet,Month-to-month,18.0,534.36,No
CUS_00175,Female,61,64,Yes,Fiber optic,One year,96.13,6166.64,No
CUS_00176,Male,47,70,Yes,DSL,Month-to-month,69.36,4843.18,No
CUS_00177,Male,63,70,Yes,No internet,One year,38.3,2677.75,No
CUS_00178,Male,28,54,No,DSL,Month-to-month,67.59,3647.27,No
CUS_00179,Female,74,36,Yes,DSL,Two years,63.49,2286.09,No
CUS_00180,Female,49,39,Yes,Fiber optic,Month-to-month,98.46,3833.85,No
CUS_00181,Male,77,71,Yes,No internet,Month-to-month,31.01,2201.33,No
CUS_00182,Male,27,20,Yes,DSL,Month-to-month,52.97,1058.83,No
CUS_00183,Male,49,25,Yes,,Month-to-month,82.34,2051.87,No
CUS_00184,Female,61,65,Yes,DSL,Month-to-month,39.56,2565.89,No
CUS_00185,Male,49,28,Yes,DSL,Two years,66.66,1879.46,No
CUS_00186,Female,46,17,No,DSL,Two years,79.24,1317.06,No
CUS_00187,Male,28,40,Yes,Fiber optic,Month-to-month,96.69,3864.02,No
CUS_00188,Male,42,23,Yes,No internet,Month-to-month,45.02,1031.66,No
CUS_00189,Female,33,65,No,DSL,One year,65.04,4232.5,No
CUS_00190,Male,36,66,Yes,DSL,One year,78.9,5186.75,No
CUS_00191,Male,61,22,Yes,DSL,Month-to-month,65.09,1426.12,No
CUS_00192,Male,57,38,Yes,DSL,One year,61.08,2319.91,No
CUS_00193,Female,56,71,Yes,Fiber optic,Month-to-month,82.08,5843.49,Yes
CUS_00194,Male,40,54,Yes,Fiber optic,One year,66.97,3620.38,No
CUS_00195,Male,78,15,Yes,Fiber optic,Month-to-month,98.91,1462.58,No
CUS_00196,Male,23,43,Yes,Fiber optic,Month-to-month,108.83,4670.14,No
CUS_00197,Female,39,45,Yes,Fiber optic,Month-to-month,110.75,5001.41,No
CUS_00198,Female,25,47,Yes,DSL,One year,37.86,1771.24,No
CUS_00199,Female,39,1,Yes,DSL,Month-to-month,63.03,62.14,No
CUS_00200,Male,78,21,Yes,No internet,One year,36.03,756.57,No
CUS_00201,Female,41,62,Yes,Fiber optic,One year,99.4,6155.9,No
CUS_00202,Male,75,17,Yes,No internet,One year,23.22,406.01,No
CUS_00203,Female,49,21,No,No internet,Month-to-month,22.37,468.11,No
CUS_00204,Female,62,23,Yes,Fiber optic,Month-to-month,120.0,2769.71,No
CUS_00205,Female,46,12,Yes,,Month-to-month,38.99,462.5,No
CUS_00206,Female,34,11,Yes,Fiber optic,One year,101.88,1130.36,No
CUS_00207,Female,66,25,Yes,DSL,Two years,57.19,,No
CUS_00208,Male,79,63,Yes,DSL,Month-to-month,76.54,4813.92,No
CUS_00209,Female,34,0,Yes,DSL,Two years,74.16,0.0,No
CUS_00210,Female,67,20,Yes,DSL,Month-to-month,81.17,1610.32,No
CUS_00211,Female,34,4,Yes,DSL,Month-to-month,53.28,202.14,No
CUS_00212,Female,63,40,Yes,Fiber optic,Month-to-month,96.27,3868.77,No
CUS_00213,Male,67,18,Yes,Fiber optic,One year,81.48,1458.51,No
CUS_00214,Female,46,57,Yes,Fiber optic,Month-to-month,92.82,5250.41,No
CUS_00215,Male,64,42,Yes,DSL,Month-to-month,75.89,3211.5,No
CUS_00216,Female,35,57,Yes,Fiber optic,One year,96.57,5490.55,No
CUS_00217,Female,22,46,Yes,DSL,Month-to-month,76.93,3535.37,No
CUS_00218,Male,24,32,Yes,DSL,Month-to-month,49.11,1586.03,No
CUS_00219,Female,46,62,Yes,DSL,Month-to-month,32.82,2034.0,No
CUS_00220,Female,74,34,Yes,DSL,Month-to-month,76.82,2609.62,No
CUS_00221,Female,26,69,Yes,DSL,Month-to-month,85.5,5880.6,No
CUS_00222,Male,46,72,Yes,No internet,Month-to-month,18.0,1290.7,No
CUS_00223,Male,62,42,Yes,Fiber optic,One year,97.69,4100.05,No
CUS_00224,Female,30,49,Yes,Fiber optic,Month-to-month,103.39,5072.86,No
CUS_00225,Female,63,18,Yes,DSL,One year,81.22,1466.43,No
CUS_00226,Female,37,59,Yes,No internet,Month-to-month,29.75,1752.67,No
CUS_00227,Female,68,49,Yes,Fiber optic,Month-to-month,102.58,5026.79,No
CUS_00228,Male,54,65,Yes,DSL,Month-to-month,84.26,5449.04,No
CUS_00229,Female,52,19,Yes,Fiber optic,Month-to-month,63.85,1218.44,No
CUS_00230,Male,29,57,Yes,,Month-to-month,77.68,4430.02,Yes
CUS_00231,Female,47,34,Yes,Fiber optic,Month-to-month,91.05,3128.05,No
CUS_00232,Female,71,13,Yes,DSL,Two years,74.13,963.79,No
CUS_00233,Female,19,12,Yes,,Two years,103.06,1219.23,No
CUS_00234,Female,65,41,Yes,DSL,Month-to-month,91.89,3766.65,No
CUS_00235,Male,49,23,Yes,DSL,One year,71.09,1630.88,No
CUS_00236,Male,63,7,Yes,DSL,One year,44.81,317.18,No
CUS_00237,Male,59,31,No,No internet,Two years,33.27,1031.53,No
CUS_00238,Female,45,47,Yes,DSL,Month-to-month,68.57,3207.24,No
CUS_00239,Male,37,23,Yes,DSL,Month-to-month,92.02,2089.37,No
CUS_00240,Female,57,69,Yes,DSL,Month-to-month,90.13,6223.24,No
CUS_00241,Male,26,56,Yes,No internet,Month-to-month,22.95,1290.91,No
CUS_00242,Male,54,37,Yes,Fiber optic,Month-to-month,120.0,4441.71,No
CUS_00243,Male,23,68,Yes,No internet,Two years,50.68,3453.66,No
CUS_00244,Male,58,31,No,DSL,Two years,68.51,2136.3,No
CUS_00245,Male,57,10,No,DSL,Month-to-month,77.4,777.72,No
CUS_00246,Male,23,2,Yes,Fiber optic,Month-to-month,89.86,166.55,Yes
CUS_00247,Female,65,68,Yes,DSL,Month-to-month,44.92,3056.14,No
CUS_00248,Female,44,70,Yes,No internet,Month-to-month,54.0,3791.73,No
CUS_00249,Female,67,53,Yes,No internet,One year,25.9,1375.17,No
CUS_00250,Male,20,7,Yes,Fiber optic,Month-to-month,71.1,507.28,No
CUS_00251,Female,29,21,No,No internet,Two years,32.55,680.84,No
CUS_00252,Female,49,2,Yes,Fiber optic,Two years,98.1,192.63,No
CUS_00253,Female,29,3,Yes,DSL,One year,68.84,205.05,No
CUS_00254,Male,38,17,Yes,Fiber optic,One year,81.23,1380.16,No
CUS_00255,Female,59,41,Yes,DSL,Month-to-month,51.96,2141.28,No
CUS_00256,Female,27,4,Yes,No internet,Month-to-month,32.59,116.59,Yes
CUS_00257,Male,60,71,No,DSL,Month-to-month,61.48,4365.42,No
CUS_00258,Male,24,33,Yes,,One year,83.82,2764.86,No
CUS_00259,Female,29,19,Yes,Fiber optic,Month-to-month,75.26,1411.36,No
CUS_00260,Male,55,37,Yes,DSL,Two years,44.91,1667.1,No
CUS_00261,Male,67,57,No,DSL,Month-to-month,45.71,2599.51,No
CUS_00262,Female,28,22,Yes,Fiber optic,Month-to-month,63.57,1394.45,No
CUS_00263,Male,36,3,Yes,DSL,Month-to-month,42.25,140.81,No
CUS_00264,Male,76,3,Yes,Fiber optic,Two years,75.43,240.0,No
CUS_00265,Male,80,62,Yes,DSL,Month-to-month,71.94,4467.72,No
CUS_00266,Female,54,8,No,DSL,Month-to-month,57.71,465.64,No
CUS_00267,Male,46,46,Yes,DSL,Month-to-month,82.19,3778.3,No
CUS_00268,Female,39,28,No,Fiber optic,One year,108.91,3088.68,No
CUS_00269,Male,56,56,Yes,No internet,Two years,20.56,1154.33,No
CUS_00270,Female,55,4,Yes,DSL,Month-to-month,74.83,289.22,No
CUS_00271,Female,36,65,Yes,No internet,Two years,35.7,2311.5,No
CUS_00272,Female,19,50,Yes,Fiber optic,Month-to-month,120.0,6012.24,Yes
CUS_00273,Female,27,32,Yes,Fiber optic,One year,87.89,2811.6,No
CUS_00274,Male,78,15,Yes,Fiber optic,Month-to-month,102.56,1512.02,No
CUS_00275,Female,44,71,Yes,Fiber optic,Month-to-month,88.72,6305.96,No
CUS_00276,Female,48,22,Yes,No internet,One year,37.62,825.82,No
CUS_00277,Female,47,35,No,Fiber optic,Month-to-month,80.4,2821.68,No
CUS_00278,Female,67,28,Yes,Fiber optic,Month-to-month,107.38,3015.18,No
CUS_00279,Female,22,16,Yes,DSL,Two years,63.83,1014.29,No
CUS_00280,Male,23,30,Yes,DSL,Two years,43.54,1311.16,No
CUS_00281,Male,35,11,Yes,Fiber optic,Month-to-month,118.48,1292.66,Yes
CUS_00282,Male,48,0,Yes,DSL,One year,55.79,0.0,No
CUS_00283,Male,60,21,Yes,DSL,One year,66.34,1386.78,No
CUS_00284,Female,48,8,Yes,DSL,Month-to-month,88.5,726.02,No
CUS_00285,Female,45,30,Yes,DSL,Two years,83.14,2490.0,No
CUS_00286,Male,77,62,Yes,Fiber optic,Month-to-month,62.82,3910.36,No
CUS_00287,Male,28,11,Yes,Fiber optic,One year,61.32,694.21,No
CUS_00288,Female,54,0,Yes,Fiber optic,Month-to-month,72.09,0.0,Yes
CUS_00289,Female,52,8,Yes,DSL,Month-to-month,68.94,515.27,Yes
CUS_00290,Female,47,37,Yes,Fiber optic,Month-to-month,109.28,4063.91,No
CUS_00291,Female,68,20,Yes,DSL,Month-to-month,67.84,1352.62,Yes
CUS_00292,Female,34,35,Yes,Fiber optic,Two years,68.91,2401.11,No
CUS_00293,Female,78,2,Yes,Fiber optic,Two years,92.41,175.03,No
CUS_00294,Male,38,24,Yes,Fiber optic,Month-to-month,120.0,2871.04,No
CUS_00295,Female,52,29,No,Fiber optic,Month-to-month,103.46,3024.5,Yes
CUS_00296,Male,50,31,Yes,No internet,Month-to-month,43.6,1352.85,Yes
CUS_00297,Male,71,40,Yes,Fiber optic,Month-to-month,67.78,2726.86,No
CUS_00298,Male,45,56,Yes,Fiber optic,Month-to-month,110.41,6192.78,No
CUS_00299,Male,35,34,Yes,Fiber optic,Two years,100.04,3395.79,No
CUS_00300,Male,19,61,Yes,DSL,One year,76.64,4669.65,No
CUS_00301,Female,40,38,Yes,No internet,Month-to-month,18.0,685.82,No
CUS_00302,Female,70,19,Yes,DSL,Month-to-month,70.01,1340.53,Yes
CUS_00303,Male,18,16,Yes,DSL,One year,83.84,1356.48,No
CUS_00304,Female,74,23,No,No internet,Month-to-month,25.09,575.89,No
CUS_00305,Male,52,43,Yes,Fiber optic,Month-to-month,90.65,3900.81,No
CUS_00306,Male,26,17,Yes,DSL,Month-to-month,72.2,1234.99,No
CUS_00307,Female,37,66,Yes,DSL,Month-to-month,76.69,5056.24,No
CUS_00308,Male,52,35,No,DSL,Month-to-month,88.91,3093.69,Yes
CUS_00309,Female,37,63,Yes,Fiber optic,One year,65.04,4088.08,No
CUS_00310,Female,24,49,Yes,DSL,Month-to-month,61.33,3002.51,No
CUS_00311,Male,59,24,Yes,No internet,One year,36.18,872.63,No
CUS_00312,Male,60,16,Yes,No internet,Month-to-month,28.23,458.08,No
CUS_00313,Female,25,54,Yes,Fiber optic,Two years,113.74,6114.2,No
CUS_00314,Female,35,24,Yes,Fiber optic,Month-to-month,103.85,2481.23,Yes
CUS_00315,Female,33,18,Yes,DSL,Month-to-month,72.95,1308.4,No
CUS_00316,Male,59,67,No,DSL,Month-to-month,87.8,5895.16,No
CUS_00317,Male,64,35,Yes,Fiber optic,Month-to-month,114.05,3980.91,No
CUS_00318,Female,63,3,Yes,DSL,Month-to-month,64.84,189.5,No
CUS_00319,Female,77,36,Yes,DSL,One year,58.84,2103.29,No
CUS_00320,Male,66,33,Yes,DSL,Month-to-month,70.93,2346.86,No
CUS_00321,Female,38,63,Yes,DSL,Month-to-month,82.62,5202.66,No
CUS_00322,Female,24,51,Yes,Fiber optic,Month-to-month,74.36,3783.61,No
CUS_00323,Male,56,13,Yes,Fiber optic,One year,72.11,934.06,No
CUS_00324,Male,75,10,Yes,No internet,Two years,21.15,215.79,No
CUS_00325,Female,79,44,Yes,Fiber optic,One year,115.56,5063.74,No
CUS_00326,Female,32,3,Yes,No internet,One year,21.51,61.27,No
CUS_00327,Male,32,23,Yes,Fiber optic,One year,91.53,2125.82,No
CUS_00328,Male,20,10,Yes,No internet,One year,18.0,180.25,No
CUS_00329,Female,26,1,Yes,Fiber optic,Month-to-month,114.36,128.15,No
CUS_00330,Male,52,67,Yes,DSL,One year,83.11,5574.38,No
CUS_00331,Female,52,6,Yes,No internet,One year,38.33,229.74,No
CUS_00332,Female,41,0,Yes,DSL,Month-to-month,63.74,0.0,No
CUS_00333,Female,37,68,No,DSL,One year,66.3,4518.32,No
CUS_00334,Male,70,13,No,DSL,Month-to-month,79.65,1052.11,No
CUS_00335,Male,46,59,Yes,DSL,Month-to-month,66.77,3952.46,No
CUS_00336,Male,68,2,Yes,DSL,Month-to-month,79.67,142.34,Yes
CUS_00337,Female,78,11,Yes,Fiber optic,One year,94.8,1065.07,No
CUS_00338,Male,37,8,Yes,No internet,Two years,18.96,150.46,No
CUS_00339,Male,30,51,Yes,DSL,Month-to-month,52.22,2656.12,No
CUS_00340,Male,78,45,Yes,Fiber optic,Month-to-month,92.61,4164.63,No
CUS_00341,Male,57,34,Yes,DSL,Month-to-month,77.52,2647.28,No
CUS_00342,Male,36,17,Yes,No internet,Month-to-month,19.3,329.98,No
CUS_00343,Female,57,6,Yes,DSL,Two years,66.48,395.82,No
CUS_00344,Female,50,41,Yes,DSL,Month-to-month,76.3,3139.8,No
CUS_00345,Male,75,16,Yes,Fiber optic,Month-to-month,95.25,1526.4,Yes
CUS_00346,Male,34,43,No,Fiber optic,Month-to-month,67.47,2894.25,Yes
CUS_00347,Male,80,50,Yes,Fiber optic,Two years,72.37,3609.28,No
CUS_00348,Female,76,62,No,Fiber optic,Month-to-month,116.75,7247.12,No
CUS_00349,Male,29,36,Yes,Fiber optic,One year,111.21,4001.91,No
CUS_00350,Female,28,0,Yes,Fiber optic,Month-to-month,105.24,0.0,Yes
CUS_00351,Male,51,20,Yes,DSL,Month-to-month,75.44,1520.3,Yes
CUS_00352,Male,20,62,Yes,DSL,One year,95.27,5898.5,No
CUS_00353,Female,36,38,Yes,DSL,Month-to-month,37.82,1448.0,No
CUS_00354,Female,45,45,Yes,DSL,One year,76.02,3401.7,No
CUS_00355,Female,79,33,Yes,Fiber optic,Month-to-month,77.31,2548.72,Yes
CUS_00356,Female,80,11,Yes,DSL,One year,70.65,768.25,No
CUS_00357,Female,27,65,Yes,Fiber optic,One year,69.94,4533.82,No
CUS_00358,Female,74,56,Yes,Fiber optic,One year,85.52,4781.63,No
CUS_00359,Male,23,72,Yes,Fiber optic,Month-to-month,78.75,5695.1,No
CUS_00360,Male,65,62,Yes,Fiber optic,One year,69.66,4320.72,No
CUS_00361,Male,71,21,Yes,DSL,Two years,61.73,1287.53,No
CUS_00362,Male,74,18,Yes,DSL,Month-to-month,51.65,912.7,No
CUS_00363,Male,32,18,Yes,Fiber optic,Month-to-month,98.38,1740.36,Yes
CUS_00364,Male,74,67,Yes,Fiber optic,Two years,119.21,7975.56,No
CUS_00365,Male,25,40,Yes,DSL,Month-to-month,52.61,2098.4,No
CUS_00366,Female,50,33,Yes,DSL,One year,71.82,2367.16,No
CUS_00367,Male,47,70,Yes,Fiber optic,One year,85.49,5949.34,No
CUS_00368,Female,37,44,Yes,Fiber optic,Month-to-month,110.65,4866.77,No
CUS_00369,Male,19,66,Yes,DSL,One year,67.52,4468.81,No
CUS_00370,Female,66,71,Yes,Fiber optic,One year,115.02,8200.02,No
CUS_00371,Female,39,5,Yes,No internet,Month-to-month,38.91,181.28,Yes
CUS_00372,Male,59,26,Yes,DSL,Two years,69.03,1784.82,No
CUS_00373,Male,43,53,Yes,No internet,Month-to-month,42.63,2252.84,No
CUS_00374,Female,41,59,Yes,DSL,Month-to-month,85.75,5061.5,No
CUS_00375,Female,73,10,Yes,Fiber optic,Two years,88.92,869.68,No
CUS_00376,Male,23,23,Yes,Fiber optic,Month-to-month,70.35,1639.35,No
CUS_00377,Female,64,40,Yes,DSL,Two years,75.79,3032.19,Yes
CUS_00378,Female,65,58,Yes,No internet,Month-to-month,30.82,1786.88,No
CUS_00379,Male,41,8,Yes,Fiber optic,Month-to-month,112.75,934.32,No
CUS_00380,Male,34,43,No,No internet,Month-to-month,35.04,1506.62,No
CUS_00381,Male,18,21,Yes,DSL,One year,81.19,1710.84,No
CUS_00382,Female,77,15,No,No internet,One year,37.42,556.24,No
CUS_00383,Female,77,37,Yes,No internet,Two years,33.18,1219.47,No
CUS_00384,Female,33,30,Yes,Fiber optic,Two years,109.08,3260.42,No
CUS_00385,Female,20,46,Yes,DSL,One year,75.76,3514.78,No
CUS_00386,Male,25,23,Yes,Fiber optic,One year,107.2,2477.81,Yes
CUS_00387,Male,22,60,Yes,Fiber optic,Month-to-month,112.92,6780.78,No
CUS_00388,Male,70,5,Yes,No internet,Two years,37.49,180.86,No
CUS_00389,Male,74,62,Yes,Fiber optic,One year,107.09,6657.15,No
CUS_00390,Female,27,2,No,DSL,Two years,54.65,95.94,No
CUS_00391,Female,65,53,Yes,DSL,Month-to-month,39.08,2060.22,No
CUS_00392,Male,29,25,Yes,Fiber optic,Month-to-month,99.81,2485.21,Yes
CUS_00393,Female,41,27,Yes,No internet,One year,28.42,777.34,No
CUS_00394,Female,55,1,Yes,DSL,Month-to-month,79.33,106.43,Yes
CUS_00395,Male,63,51,Yes,Fiber optic,Month-to-month,102.04,5195.75,Yes
CUS_00396,Female,73,12,Yes,No internet,Two years,25.79,306.35,No
CUS_00397,Female,20,48,Yes,DSL,Month-to-month,82.04,3913.7,No
CUS_00398,Female,30,52,Yes,DSL,Month-to-month,58.25,3029.82,No
CUS_00399,Female,35,61,Yes,Fiber optic,Month-to-month,99.4,6066.3,No
CUS_00400,Male,37,51,Yes,Fiber optic,Month-to-month,92.92,4752.13,No
CUS_00401,Female,80,22,Yes,DSL,One year,74.63,1654.09,No
CUS_00402,Male,66,53,No,No internet,Two years,30.73,1627.6,No
CUS_00403,Female,38,60,Yes,Fiber optic,Two years,97.71,5872.38,No
CUS_00404,Male,79,23,Yes,No internet,One year,34.08,779.54,No
CUS_00405,Male,49,9,Yes,No internet,One year,18.0,163.74,No
CUS_00406,Female,49,64,Yes,No internet,Month-to-month,25.93,1657.15,No
CUS_00407,Male,45,10,Yes,Fiber optic,Two years,94.04,948.18,No
CUS_00408,Male,27,43,Yes,DSL,Month-to-month,58.9,2536.71,No
CUS_00409,Female,76,17,Yes,Fiber optic,Month-to-month,83.6,1422.24,No
CUS_00410,Male,18,9,Yes,DSL,Two years,61.37,561.11,No
CUS_00411,Female,28,56,No,Fiber optic,Two years,95.05,5295.93,No
CUS_00412,Male,32,10,Yes,DSL,Month-to-month,82.22,806.44,No
CUS_00413,Male,35,48,Yes,Fiber optic,One year,100.18,4803.77,No
CUS_00414,Female,26,50,Yes,DSL,Month-to-month,89.94,4473.63,No
CUS_00415,Male,19,4,No,,Month-to-month,52.69,206.9,No
CUS_00416,Male,60,12,Yes,DSL,Month-to-month,86.54,1032.64,No
CUS_00417,Female,79,57,Yes,Fiber optic,Month-to-month,74.92,4288.1,Yes
CUS_00418,Female,25,37,No,Fiber optic,Month-to-month,84.13,3114.97,No
CUS_00419,Male,36,8,No,DSL,Month-to-month,23.37,191.29,No
CUS_00420,Female,49,72,Yes,No internet,Month-to-month,36.82,2653.04,No
CUS_00421,Female,76,19,Yes,No internet,Month-to-month,26.06,492.63,Yes
CUS_00422,Female,61,0,Yes,DSL,Two years,84.46,2.03,No
CUS_00423,Male,66,67,Yes,Fiber optic,One year,110.7,7431.43,No
CUS_00424,Female,54,1,Yes,Fiber optic,Two years,82.98,100.81,No
CUS_00425,Female,44,40,Yes,DSL,Month-to-month,39.64,1584.66,No
CUS_00426,Female,30,72,Yes,Fiber optic,One year,88.37,6336.43,No
CUS_00427,Male,72,42,Yes,DSL,Two years,62.02,2585.66,No
CUS_00428,Female,68,42,Yes,No internet,Month-to-month,31.42,1317.79,No
CUS_00429,Female,19,28,Yes,No internet,Month-to-month,44.68,1232.24,No
CUS_00430,Male,63,9,Yes,No internet,Month-to-month,32.17,299.92,Yes
CUS_00431,Female,23,41,Yes,Fiber optic,Month-to-month,99.04,4071.28,No
CUS_00432,Female,64,65,Yes,Fiber optic,Month-to-month,81.18,5267.41,No
CUS_00433,Male,70,6,Yes,No internet,Month-to-month,44.4,257.53,Yes
CUS_00434,Female,26,64,No,DSL,Month-to-month,44.13,,No
CUS_00435,Male,45,30,Yes,DSL,One year,50.84,1515.01,No
CUS_00436,Female,25,39,Yes,Fiber optic,Month-to-month,64.91,2519.59,No
CUS_00437,Female,53,12,Yes,DSL,Month-to-month,41.12,487.77,No
CUS_00438,Female,76,45,Yes,DSL,One year,72.51,3264.44,No
CUS_00439,Male,23,13,Yes,DSL,Month-to-month,76.87,,No
CUS_00440,Female,43,19,Yes,Fiber optic,Month-to-month,72.97,1402.1,No
CUS_00441,Male,79,52,Yes,DSL,Month-to-month,77.74,4057.1,No
CUS_00442,Female,36,3,Yes,DSL,Month-to-month,54.73,164.2,No
CUS_00443,Female,26,32,Yes,DSL,Month-to-month,62.66,2016.63,No
CUS_00444,Male,48,43,Yes,DSL,Month-to-month,39.97,1713.88,No
CUS_00445,Male,50,9,Yes,No internet,Month-to-month,46.77,405.6,No
CUS_00446,Male,59,21,Yes,DSL,Two years,88.35,1844.68,No
CUS_00447,Female,37,25,Yes,Fiber optic,Two years,120.0,2982.58,No
CUS_00448,Male,78,48,Yes,Fiber optic,Month-to-month,82.09,3930.98,No
CUS_00449,Male,50,71,Yes,DSL,Month-to-month,66.8,4731.26,No
CUS_00450,Male,36,61,Yes,No internet,Month-to-month,20.62,1256.11,No
CUS_00451,Male,78,13,Yes,Fiber optic,Two years,114.51,1501.41,No
CUS_00452,Male,76,1,Yes,Fiber optic,Two years,116.79,152.85,No
CUS_00453,Male,49,3,Yes,DSL,Month-to-month,48.46,130.33,No
CUS_00454,Male,19,43,Yes,DSL,Month-to-month,69.76,,No
CUS_00455,Female,55,11,No,No internet,Month-to-month,36.41,395.32,Yes
CUS_00456,Male,52,16,Yes,Fiber optic,Two years,106.73,1722.39,No
CUS_00457,Female,27,61,No,No internet,Two years,37.08,2260.51,No
CUS_00458,Female,57,63,Yes,No internet,Month-to-month,23.62,1484.98,No
CUS_00459,Female,70,61,Yes,DSL,One year,80.36,4912.33,No
CUS_00460,Male,24,18,Yes,Fiber optic,Month-to-month,101.52,1844.84,No
CUS_00461,Male,63,45,Yes,Fiber optic,One year,106.63,4797.99,No
CUS_00462,Female,26,44,No,Fiber optic,Two years,62.73,2750.9,Yes
CUS_00463,Female,65,13,Yes,DSL,Month-to-month,61.71,805.23,No
CUS_00464,Female,44,40,Yes,DSL,Month-to-month,52.5,2097.8,No
CUS_00465,Male,18,38,Yes,Fiber optic,One year,95.54,3626.38,No
CUS_00466,Male,78,28,Yes,Fiber optic,Month-to-month,74.44,2077.45,Yes
CUS_00467,Male,28,54,Yes,Fiber optic,Two years,110.0,5958.31,No
CUS_00468,Male,55,49,Yes,DSL,Month-to-month,93.29,4575.41,No
CUS_00469,Female,29,38,Yes,DSL,Two years,52.93,2021.21,No
CUS_00470,Male,76,52,Yes,No internet,Month-to-month,22.38,1169.14,No
CUS_00471,Male,64,55,Yes,Fiber optic,Month-to-month,104.05,5731.35,No
CUS_00472,Female,68,41,Yes,Fiber optic,Month-to-month,81.21,3322.21,No
CUS_00473,Female,45,19,Yes,Fiber optic,Month-to-month,81.48,1563.38,No
CUS_00474,Male,47,55,Yes,Fiber optic,Month-to-month,63.64,3505.53,No
CUS_00475,Male,57,52,Yes,Fiber optic,One year,90.57,,No
CUS_00476,Female,67,71,Yes,Fiber optic,Month-to-month,80.51,5720.7,No
CUS_00477,Female,71,10,Yes,No internet,Month-to-month,18.0,182.26,No
CUS_00478,Female,19,30,Yes,No internet,Month-to-month,37.77,1135.07,No
CUS_00479,Female,59,67,Yes,No internet,Month-to-month,35.05,2347.72,No
CUS_00480,Female,24,37,Yes,Fiber optic,Two years,80.18,2962.93,Yes
CUS_00481,Male,36,68,Yes,Fiber optic,Two years,81.62,5554.48,No
CUS_00482,Male,70,0,Yes,Fiber optic,Month-to-month,75.92,7.12,Yes
CUS_00483,Female,33,2,Yes,No internet,One year,22.72,50.16,No
CUS_00484,Male,68,58,Yes,Fiber optic,One year,120.0,6966.67,No
CUS_00485,Male,47,26,Yes,Fiber optic,Two years,89.87,2329.13,No
CUS_00486,Male,32,37,Yes,Fiber optic,Month-to-month,75.04,2772.07,No
CUS_00487,Female,39,31,Yes,Fiber optic,Month-to-month,78.07,2401.58,No
CUS_00488,Male,51,29,Yes,Fiber optic,Month-to-month,66.94,1961.28,No
CUS_00489,Male,66,68,Yes,,Two years,41.34,2807.09,No
CUS_00490,Male,56,6,Yes,Fiber optic,One year,68.46,422.68,No
CUS_00491,Male,76,56,No,Fiber optic,Month-to-month,109.27,6124.56,No
CUS_00492,Female,72,64,Yes,DSL,Month-to-month,61.37,3931.04,No
CUS_00493,Male,65,47,Yes,No internet,One year,34.09,1601.51,No
CUS_00494,Female,55,28,Yes,Fiber optic,Two years,99.16,2762.42,No
CUS_00495,Male,36,11,Yes,DSL,Month-to-month,85.31,923.54,Yes
CUS_00496,Female,43,49,Yes,No internet,One year,30.32,1495.11,No
CUS_00497,Female,25,34,Yes,Fiber optic,Month-to-month,71.11,2419.2,No
CUS_00498,Female,41,10,Yes,Fiber optic,Month-to-month,104.0,1061.07,Yes
CUS_00499,Female,76,26,Yes,Fiber optic,Month-to-month,99.46,2610.75,Yes
CUS_00500,Male,44,70,Yes,No internet,One year,27.28,1907.58,No
CUS_00501,Female,25,19,No,Fiber optic,Two years,106.03,2022.65,No
CUS_00502,Female,59,13,Yes,,Month-to-month,67.9,883.25,No
CUS_00503,Female,78,49,Yes,DSL,Month-to-month,58.96,2876.76,No
CUS_00504,Female,72,14,Yes,Fiber optic,Month-to-month,97.43,1360.77,Yes
CUS_00505,Female,35,67,Yes,Fiber optic,Month-to-month,82.73,5551.66,No
CUS_00506,Female,46,62,Yes,Fiber optic,Month-to-month,115.92,7176.63,No
CUS_00507,Female,51,71,Yes,Fiber optic,Month-to-month,99.93,7089.19,No
CUS_00508,Female,33,66,Yes,No internet,Month-to-month,43.36,2860.41,No
CUS_00509,Male,34,17,Yes,Fiber optic,Month-to-month,74.63,1297.08,Yes
CUS_00510,Male,32,15,Yes,DSL,Month-to-month,55.65,816.38,No
CUS_00511,Male,80,25,No,No internet,One year,41.36,1037.73,No
CUS_00512,Male,64,34,Yes,Fiber optic,Month-to-month,64.16,2178.51,No
CUS_00513,Male,70,64,Yes,No internet,One year,21.54,1376.08,No
CUS_00514,Male,69,53,Yes,No internet,Two years,25.86,1369.29,No
CUS_00515,Male,78,47,Yes,No internet,One year,19.12,900.94,No
CUS_00516,Male,24,64,Yes,Fiber optic,Month-to-month,98.0,6284.78,No
CUS_00517,Female,73,47,Yes,Fiber optic,Month-to-month,107.98,5078.68,No
CUS_00518,Female,22,27,Yes,DSL,One year,74.98,2039.21,No
CUS_00519,Female,47,30,Yes,Fiber optic,Month-to-month,109.9,3322.1,Yes
CUS_00520,Male,55,37,No,Fiber optic,Month-to-month,71.98,2673.84,No
CUS_00521,Male,40,6,Yes,Fiber optic,Month-to-month,91.14,537.88,No
CUS_00522,Female,27,54,Yes,No internet,Month-to-month,27.07,1464.19,Yes
CUS_00523,Male,30,47,Yes,DSL,Month-to-month,80.86,3807.69,No
CUS_00524,Female,69,53,Yes,Fiber optic,One year,79.94,4225.08,No
CUS_00525,Male,38,38,Yes,Fiber optic,Month-to-month,101.02,3810.22,No
CUS_00526,Male,37,57,No,Fiber optic,Month-to-month,75.61,4282.24,No
CUS_00527,Female,76,69,Yes,DSL,Two years,55.55,3833.65,No
CUS_00528,Male,27,41,Yes,DSL,Month-to-month,61.65,2530.96,No
CUS_00529,Male,75,32,Yes,No internet,One year,44.09,1401.5,No
CUS_00530,Female,76,7,Yes,Fiber optic,Month-to-month,50.75,364.81,No
CUS_00531,Male,55,56,Yes,DSL,Month-to-month,70.86,3970.1,No
CUS_00532,Female,28,65,Yes,DSL,Two years,61.83,4033.97,No
CUS_00533,Male,27,51,Yes,Fiber optic,Month-to-month,72.11,3682.42,No
CUS_00534,Male,35,63,Yes,DSL,Month-to-month,60.41,3794.23,No
CUS_00535,Female,54,62,Yes,Fiber optic,Two years,94.91,5892.25,No
CUS_00536,Male,27,58,Yes,Fiber optic,One year,107.14,6227.04,No
CUS_00537,Female,46,36,Yes,DSL,One year,56.06,2012.63,No
CUS_00538,Female,25,7,Yes,Fiber optic,Month-to-month,89.15,600.91,No
CUS_00539,Female,52,0,Yes,DSL,Month-to-month,63.98,1.16,No
CUS_00540,Male,19,14,Yes,DSL,One year,53.13,734.25,No
CUS_00541,Female,62,31,Yes,No internet,Month-to-month,18.58,579.73,No
CUS_00542,Female,21,54,Yes,Fiber optic,Month-to-month,91.97,4959.64,No
CUS_00543,Female,30,33,Yes,No internet,One year,37.22,1239.81,No
CUS_00544,Male,29,1,Yes,DSL,Month-to-month,45.97,28.39,Yes
CUS_00545,Female,70,15,Yes,DSL,Month-to-month,89.42,1343.47,No
CUS_00546,Male,21,71,Yes,Fiber optic,Month-to-month,65.98,4701.56,No
CUS_00547,Female,45,72,Yes,Fiber optic,Month-to-month,68.66,4932.52,No
CUS_00548,Male,55,27,Yes,No internet,One year,18.0,485.48,No
CUS_00549,Female,50,58,Yes,DSL,Two years,74.91,4339.35,No
CUS_00550,Female,60,52,Yes,No internet,Month-to-month,21.5,1115.35,No
CUS_00551,Male,68,67,Yes,No internet,Month-to-month,34.58,2318.38,No
CUS_00552,Female,42,64,Yes,Fiber optic,Month-to-month,91.22,5816.81,No
CUS_00553,Female,70,45,Yes,DSL,Month-to-month,88.48,3979.83,No
CUS_00554,Male,38,28,Yes,Fiber optic,Month-to-month,62.88,1766.48,No
CUS_00555,Male,80,45,Yes,DSL,Two years,78.1,3511.48,No
CUS_00556,Female,49,23,Yes,Fiber optic,Month-to-month,99.18,2263.28,Yes
CUS_00557,Male,64,25,Yes,Fiber optic,Month-to-month,89.66,2258.13,Yes
CUS_00558,Male,73,44,Yes,No internet,Two years,21.17,934.26,No
CUS_00559,Female,67,41,No,Fiber optic,Month-to-month,99.8,4073.1,No
CUS_00560,Male,71,42,Yes,Fiber optic,Two years,77.71,3245.72,No
CUS_00561,Female,51,28,Yes,Fiber optic,Month-to-month,76.92,2140.58,Yes
CUS_00562,Male,20,29,Yes,Fiber optic,Month-to-month,76.46,2224.84,No
CUS_00563,Female,49,0,Yes,,Two years,28.41,1.41,No
CUS_00564,Male,29,43,Yes,DSL,Month-to-month,81.93,3534.64,No
CUS_00565,Female,74,42,Yes,No internet,Month-to-month,25.76,1080.41,No
CUS_00566,Female,32,68,Yes,No internet,Month-to-month,41.44,2811.02,No
CUS_00567,Male,32,36,Yes,No internet,One year,18.99,686.78,No
CUS_00568,Male,33,34,Yes,Fiber optic,One year,72.03,2441.84,No
CUS_00569,Female,58,4,Yes,No internet,Month-to-month,29.74,119.96,No
CUS_00570,Female,53,14,Yes,DSL,One year,42.44,582.32,No
CUS_00571,Female,77,24,Yes,Fiber optic,One year,83.72,2000.69,No
CUS_00572,Male,44,27,Yes,DSL,Month-to-month,65.56,1782.03,Yes
CUS_00573,Female,35,26,Yes,DSL,Month-to-month,98.81,2556.32,No
CUS_00574,Female,21,28,Yes,,Month-to-month,115.11,3239.96,No
CUS_00575,Male,18,56,Yes,DSL,Month-to-month,46.65,2592.83,No
CUS_00576,Male,41,9,Yes,Fiber optic,Month-to-month,65.96,587.0,Yes
CUS_00577,Male,76,24,Yes,No internet,Month-to-month,42.84,1026.84,No
CUS_00578,Female,50,11,Yes,DSL,Month-to-month,98.14,1110.32,No
CUS_00579,Male,74,22,Yes,Fiber optic,Month-to-month,69.04,1504.35,Yes
CUS_00580,Male,24,49,Yes,DSL,One year,68.58,3368.7,No
CUS_00581,Female,23,3,Yes,Fiber optic,Month-to-month,97.74,311.81,Yes
CUS_00582,Male,70,24,Yes,Fiber optic,Two years,93.33,2227.8,Yes
CUS_00583,Female,24,1,Yes,Fiber optic,Two years,108.68,101.37,Yes
CUS_00584,Female,21,69,Yes,Fiber optic,One year,84.78,5851.98,No
CUS_00585,Female,43,53,Yes,No internet,Two years,28.78,1517.67,No
CUS_00586,Female,76,17,Yes,No internet,Two years,31.2,527.84,No
CUS_00587,Female,61,14,No,Fiber optic,Month-to-month,62.61,890.92,No
CUS_00588,Female,24,7,Yes,Fiber optic,One year,84.57,599.95,No
CUS_00589,Female,70,34,Yes,Fiber optic,Month-to-month,120.0,4076.61,No
CUS_00590,Male,71,55,Yes,DSL,One year,76.41,4204.11,No
CUS_00591,Male,68,42,Yes,No internet,Month-to-month,42.15,1774.71,No
CUS_00592,Female,74,64,Yes,DSL,Month-to-month,60.97,3910.56,No
CUS_00593,Male,33,25,Yes,No internet,Month-to-month,32.0,796.8,No
CUS_00594,Female,79,20,Yes,DSL,Two years,67.93,1377.37,No
CUS_00595,Female,38,34,Yes,,Month-to-month,87.1,2982.04,No
CUS_00596,Female,68,14,No,No internet,Month-to-month,37.61,531.12,No
CUS_00597,Male,54,71,Yes,No internet,Month-to-month,34.63,2453.48,No
CUS_00598,Male,67,13,Yes,No internet,Month-to-month,33.58,430.37,No
CUS_00599,Male,57,34,Yes,No internet,Two years,47.23,,No
CUS_00600,Female,58,38,Yes,Fiber optic,One year,109.57,4164.86,No
CUS_00601,Female,56,4,Yes,DSL,Month-to-month,59.69,219.76,No
CUS_00602,Female,67,34,Yes,DSL,Month-to-month,79.23,2700.88,Yes
CUS_00603,Female,64,33,Yes,Fiber optic,Month-to-month,85.53,2842.31,No
CUS_00604,Female,26,18,Yes,DSL,Month-to-month,95.91,1736.33,No
CUS_00605,Female,70,9,Yes,,Two years,37.14,329.74,No
CUS_00606,Male,51,3,Yes,DSL,One year,64.02,182.91,No
CUS_00607,Female,38,0,Yes,DSL,Month-to-month,87.45,4.72,No
CUS_00608,Male,50,35,Yes,DSL,One year,40.09,1402.04,No
CUS_00609,Female,78,6,Yes,DSL,Month-to-month,47.75,290.31,No
CUS_00610,Female,72,70,No,DSL,One year,72.93,5113.0,No
CUS_00611,Male,70,17,Yes,Fiber optic,Month-to-month,100.87,1734.62,No
CUS_00612,Female,47,47,No,DSL,One year,86.61,4053.02,No
CUS_00613,Male,67,49,Yes,Fiber optic,Month-to-month,61.82,3031.65,No
CUS_00614,Female,42,36,Yes,No internet,Two years,30.53,1097.08,No
CUS_00615,Male,61,64,Yes,Fiber optic,Month-to-month,62.32,3987.37,Yes
CUS_00616,Male,58,8,Yes,Fiber optic,Month-to-month,55.58,453.29,Yes
CUS_00617,Female,33,17,Yes,,Month-to-month,74.49,1279.38,No
CUS_00618,Male,34,18,Yes,DSL,Month-to-month,66.22,1208.63,No
CUS_00619,Female,21,9,Yes,DSL,Month-to-month,68.01,617.3,No
CUS_00620,Female,26,21,No,No internet,One year,18.0,377.64,No
CUS_00621,Male,45,22,Yes,Fiber optic,One year,111.58,2449.68,No
CUS_00622,Male,48,55,Yes,DSL,Month-to-month,56.81,3106.81,No
CUS_00623,Male,28,22,Yes,Fiber optic,One year,68.21,1517.07,No
CUS_00624,Male,44,63,Yes,No internet,One year,33.47,2106.67,No
CUS_00625,Male,56,56,No,Fiber optic,Month-to-month,120.0,6730.93,No
CUS_00626,Female,32,65,Yes,Fiber optic,Month-to-month,105.9,6896.44,No
CUS_00627,Male,39,7,Yes,No internet,Month-to-month,37.96,257.21,No
CUS_00628,Female,41,71,Yes,Fiber optic,Month-to-month,69.96,4955.53,No
CUS_00629,Male,49,44,Yes,Fiber optic,One year,120.0,5313.42,No
CUS_00630,Female,41,71,Yes,DSL,Two years,92.73,6588.68,No
CUS_00631,Female,64,25,Yes,DSL,One year,52.85,1315.73,No
CUS_00632,Male,38,69,Yes,No internet,Month-to-month,18.0,1241.59,No
CUS_00633,Female,45,42,Yes,Fiber optic,One year,70.26,2964.66,Yes
CUS_00634,Male,41,5,Yes,Fiber optic,One year,71.38,368.9,No
CUS_00635,Male,29,29,Yes,Fiber optic,Month-to-month,111.5,3204.08,Yes
CUS_00636,Female,61,10,No,DSL,Two years,94.31,970.84,No
CUS_00637,Female,32,68,Yes,No internet,Month-to-month,24.04,1638.9,No
CUS_00638,Male,36,22,Yes,DSL,Month-to-month,73.11,1606.41,No
CUS_00639,Male,67,16,Yes,No internet,Month-to-month,35.19,555.49,No
CUS_00640,Male,77,40,Yes,Fiber optic,Month-to-month,79.34,3188.65,Yes
CUS_00641,Male,60,31,No,DSL,Two years,64.49,2004.72,No
CUS_00642,Male,75,7,Yes,DSL,Month-to-month,51.25,345.3,Yes
CUS_00643,Male,71,59,Yes,No internet,Month-to-month,23.78,1402.03,No
CUS_00644,Female,48,61,Yes,DSL,Month-to-month,75.05,4620.28,No
CUS_00645,Male,66,54,Yes,DSL,Month-to-month,70.81,3823.95,No
CUS_00646,Female,38,45,Yes,Fiber optic,Month-to-month,80.87,3628.35,No
CUS_00647,Female,47,29,Yes,DSL,Month-to-month,78.3,2256.49,No
CUS_00648,Female,51,39,Yes,Fiber optic,One year,67.53,2655.21,No
CUS_00649,Male,78,38,Yes,DSL,Month-to-month,87.35,3332.63,Yes
CUS_00650,Female,71,12,Yes,No internet,One year,40.89,501.04,No
CUS_00651,Female,48,5,Yes,DSL,Month-to-month,68.37,344.9,Yes
CUS_00652,Male,59,18,Yes,DSL,One year,58.1,1058.91,No
CUS_00653,Female,30,33,Yes,DSL,Two years,75.4,2476.69,No
CUS_00654,Male,68,11,Yes,DSL,Month-to-month,63.54,700.8,No
CUS_00655,Female,52,7,Yes,DSL,Month-to-month,78.34,552.43,No
CUS_00656,Male,51,62,Yes,DSL,Two years,50.91,3169.09,No
CUS_00657,Female,66,27,Yes,DSL,Month-to-month,59.14,1600.17,No
CUS_00658,Male,57,42,Yes,Fiber optic,One year,92.43,3871.65,No
CUS_00659,Male,22,38,Yes,No internet,Month-to-month,29.93,1137.69,No
CUS_00660,Male,36,53,Yes,DSL,Month-to-month,41.09,2165.37,Yes
CUS_00661,Male,29,54,Yes,DSL,Month-to-month,88.0,4715.24,No
CUS_00662,Male,64,21,Yes,No internet,Two years,33.69,712.53,No
CUS_00663,Male,20,61,Yes,No internet,Month-to-month,50.34,3067.34,No
CUS_00664,Male,30,27,Yes,,One year,95.83,2582.9,Yes
CUS_00665,Female,55,60,Yes,DSL,One year,79.48,4780.69,No
CUS_00666,Female,61,29,Yes,Fiber optic,Month-to-month,117.55,3438.51,No
CUS_00667,Female,49,8,Yes,DSL,Month-to-month,56.46,457.11,No
CUS_00668,Female,72,55,Yes,DSL,Month-to-month,77.49,4288.84,No
CUS_00669,Male,75,2,Yes,DSL,Month-to-month,83.64,174.85,No
CUS_00670,Male,26,56,Yes,Fiber optic,One year,83.92,4704.09,No
CUS_00671,Male,78,3,Yes,DSL,Month-to-month,86.53,263.33,No
CUS_00672,Male,56,15,Yes,,Month-to-month,69.61,1028.04,No
CUS_00673,Male,58,44,Yes,DSL,One year,46.84,2069.02,No
CUS_00674,Female,23,68,Yes,,One year,67.96,4591.37,No
CUS_00675,Female,57,29,Yes,Fiber optic,Month-to-month,99.56,2876.73,No
CUS_00676,Female,63,8,Yes,,One year,37.13,297.19,No
CUS_00677,Male,54,17,Yes,DSL,Month-to-month,61.36,1034.4,No
CUS_00678,Female,23,65,Yes,Fiber optic,One year,74.83,4857.87,No
CUS_00679,Male,50,53,Yes,DSL,Month-to-month,67.28,3588.12,No
CUS_00680,Male,76,7,No,DSL,Month-to-month,66.73,480.37,Yes
CUS_00681,Male,63,28,Yes,Fiber optic,Month-to-month,80.13,2233.75,Yes
CUS_00682,Female,26,19,Yes,DSL,One year,41.6,786.88,Yes
CUS_00683,Male,78,12,Yes,Fiber optic,One year,97.68,1149.71,No
CUS_00684,Male,78,61,Yes,Fiber optic,Month-to-month,77.52,4738.56,No
CUS_00685,Male,28,45,Yes,DSL,Two years,82.26,3698.0,No
CUS_00686,Male,68,13,Yes,DSL,Two years,84.23,1065.18,No
CUS_00687,Male,43,47,Yes,DSL,Month-to-month,71.76,3374.02,No
CUS_00688,Male,55,30,Yes,No internet,One year,18.0,541.42,No
CUS_00689,Male,46,4,Yes,Fiber optic,Month-to-month,102.19,426.48,No
CUS_00690,Male,67,32,Yes,Fiber optic,Two years,110.55,3536.14,No
CUS_00691,Male,80,13,No,DSL,Month-to-month,59.72,772.35,Yes
CUS_00692,Male,68,17,Yes,Fiber optic,Month-to-month,67.12,1165.04,No
CUS_00693,Female,76,64,Yes,DSL,Month-to-month,82.0,5248.1,Yes
CUS_00694,Male,77,51,No,Fiber optic,Month-to-month,99.29,5076.65,No
CUS_00695,Female,23,9,Yes,Fiber optic,One year,115.55,1028.73,No
CUS_00696,Female,33,62,Yes,Fiber optic,Month-to-month,89.31,5548.31,No
CUS_00697,Male,63,41,Yes,DSL,Month-to-month,69.24,2820.7,No
CUS_00698,Male,55,63,Yes,DSL,Month-to-month,41.86,2633.7,No
CUS_00699,Male,21,54,Yes,DSL,Two years,88.44,4756.53,No
CUS_00700,Male,23,24,Yes,Fiber optic,One year,64.5,1540.98,No
CUS_00701,Male,50,39,Yes,No internet,Month-to-month,23.6,925.71,No
CUS_00702,Male,56,38,Yes,DSL,Month-to-month,74.59,2826.2,No
CUS_00703,Male,28,52,No,Fiber optic,Month-to-month,98.66,5143.08,No
CUS_00704,Male,28,18,Yes,Fiber optic,Two years,111.7,2041.11,Yes
CUS_00705,Female,26,24,Yes,DSL,One year,57.11,1370.36,No
CUS_00706,Male,53,17,Yes,DSL,One year,70.21,1206.13,No
CUS_00707,Female,18,21,No,DSL,Two years,46.53,981.58,No
CUS_00708,Male,54,11,No,Fiber optic,Month-to-month,85.07,937.55,No
CUS_00709,Female,47,2,Yes,Fiber optic,One year,92.72,197.96,No
CUS_00710,Male,47,68,Yes,Fiber optic,Month-to-month,90.59,6190.12,No
CUS_00711,Female,60,5,Yes,No internet,Month-to-month,18.0,87.94,No
CUS_00712,Female,50,64,Yes,Fiber optic,Month-to-month,80.76,5154.7,No
CUS_00713,Male,63,0,Yes,No internet,Month-to-month,22.97,0.0,No
CUS_00714,Female,66,56,Yes,Fiber optic,Two years,120.0,6741.48,No
CUS_00715,Male,75,23,Yes,No internet,Month-to-month,28.57,662.92,Yes
CUS_00716,Male,68,37,Yes,No internet,Two years,39.71,1465.43,No
CUS_00717,Female,50,20,Yes,Fiber optic,One year,84.27,1653.0,No
CUS_00718,Female,49,35,Yes,No internet,One year,21.14,737.33,No
CUS_00719,Male,32,32,Yes,No internet,Two years,32.63,1047.38,No
CUS_00720,Female,55,38,Yes,Fiber optic,Month-to-month,72.77,2764.39,No
CUS_00721,Female,26,28,Yes,Fiber optic,Month-to-month,70.26,1969.56,No
CUS_00722,Female,76,39,Yes,Fiber optic,Month-to-month,77.64,3020.65,No
CUS_00723,Male,71,60,Yes,No internet,Month-to-month,55.48,3338.93,No
CUS_00724,Female,25,31,Yes,Fiber optic,Two years,81.74,2538.99,No
CUS_00725,Male,67,26,No,No internet,Month-to-month,18.49,482.69,Yes
CUS_00726,Female,25,9,Yes,Fiber optic,Month-to-month,62.67,565.82,No
CUS_00727,Female,63,26,No,No internet,Month-to-month,44.6,1163.81,No
CUS_00728,Female,23,9,No,DSL,Month-to-month,65.0,590.37,No
CUS_00729,Female,48,13,Yes,Fiber optic,One year,95.11,1220.54,Yes
CUS_00730,Female,59,69,Yes,Fiber optic,Month-to-month,68.6,4738.01,No
CUS_00731,Male,63,6,Yes,No internet,One year,31.31,192.32,No
CUS_00732,Male,44,35,Yes,No internet,One year,18.0,633.74,No
CUS_00733,Female,76,60,Yes,Fiber optic,One year,108.12,6495.3,No
CUS_00734,Male,66,69,Yes,Fiber optic,Month-to-month,83.96,5778.65,No
CUS_00735,Female,31,10,No,DSL,One year,60.89,600.01,No
CUS_00736,Male,60,11,Yes,No internet,Month-to-month,30.87,337.15,Yes
CUS_00737,Female,64,27,Yes,DSL,Month-to-month,73.35,1982.95,No
CUS_00738,Male,39,40,Yes,Fiber optic,One year,71.95,2876.42,No
CUS_00739,Male,64,70,Yes,Fiber optic,One year,76.46,5336.73,No
CUS_00740,Male,74,15,Yes,Fiber optic,Month-to-month,79.96,1183.14,No
CUS_00741,Male,69,12,Yes,DSL,Two years,71.24,827.97,No
CUS_00742,Male,66,18,Yes,DSL,Month-to-month,47.03,820.13,No
CUS_00743,Male,57,63,Yes,No internet,One year,19.29,1214.81,No
CUS_00744,Female,35,2,Yes,Fiber optic,Two years,86.08,208.11,No
CUS_00745,Female,68,27,Yes,DSL,Month-to-month,57.91,1582.3,No
CUS_00746,Female,40,8,Yes,Fiber optic,Two years,112.03,876.51,No
CUS_00747,Female,51,11,No,DSL,One year,59.47,655.77,No
CUS_00748,Female,37,66,Yes,No internet,One year,37.38,2457.23,No
CUS_00749,Female,37,0,Yes,DSL,One year,73.36,0.0,Yes
CUS_00750,Male,27,23,Yes,DSL,One year,53.68,1223.07,No
CUS_00751,Female,78,66,Yes,DSL,Month-to-month,41.3,2724.12,No
CUS_00752,Male,27,44,Yes,Fiber optic,One year,100.26,4408.15,No
CUS_00753,Male,23,5,Yes,,Month-to-month,84.72,427.45,Yes
CUS_00754,Female,76,33,No,Fiber optic,Two years,76.14,,No
CUS_00755,Male,52,70,Yes,Fiber optic,Month-to-month,84.33,5897.99,No
CUS_00756,Female,45,29,Yes,DSL,Month-to-month,69.19,2006.96,No
CUS_00757,Female,64,38,Yes,DSL,Two years,84.06,3177.73,No
CUS_00758,Female,42,38,Yes,DSL,Month-to-month,39.83,1503.9,No
CUS_00759,Female,26,48,Yes,No internet,Month-to-month,20.37,972.26,No
CUS_00760,Female,63,13,Yes,DSL,One year,71.27,934.84,No
CUS_00761,Male,29,61,Yes,No internet,Month-to-month,30.42,1853.77,No
CUS_00762,Female,52,72,Yes,DSL,Month-to-month,87.66,6282.0,No
CUS_00763,Male,77,10,Yes,DSL,Month-to-month,104.28,1041.62,No
CUS_00764,Male,76,59,Yes,DSL,Month-to-month,78.79,4630.9,No
CUS_00765,Male,40,59,Yes,DSL,Month-to-month,50.38,2987.48,No
CUS_00766,Male,67,54,Yes,Fiber optic,Month-to-month,105.0,5659.06,No
CUS_00767,Female,56,27,Yes,Fiber optic,Month-to-month,93.36,2532.17,No
CUS_00768,Male,48,34,Yes,DSL,Month-to-month,79.27,2710.72,No
CUS_00769,Female,26,61,Yes,Fiber optic,Month-to-month,81.11,4933.77,No
CUS_00770,Female,41,11,No,Fiber optic,One year,85.07,936.93,Yes
CUS_00771,Female,59,60,Yes,No internet,One year,35.82,2152.77,No
CUS_00772,Female,80,67,Yes,No internet,Month-to-month,42.2,2828.28,No
CUS_00773,Male,18,49,Yes,Fiber optic,Month-to-month,95.47,4684.24,No
CUS_00774,Male,63,24,Yes,No internet,Two years,28.84,685.26,No
CUS_00775,Female,71,40,Yes,Fiber optic,One year,79.62,3192.74,No
CUS_00776,Female,77,3,Yes,Fiber optic,Month-to-month,117.68,342.74,No
CUS_00777,Female,44,68,Yes,Fiber optic,Month-to-month,89.24,6073.93,No
CUS_00778,Male,25,24,Yes,DSL,Month-to-month,79.6,1923.58,No
CUS_00779,Male,35,4,Yes,Fiber optic,Two years,89.88,370.34,No
CUS_00780,Male,71,57,No,No internet,Two years,20.5,1169.79,No
CUS_00781,Male,73,48,Yes,DSL,Two years,67.49,3247.32,No
CUS_00782,Male,58,45,Yes,No internet,Month-to-month,18.0,812.23,No
CUS_00783,Female,25,3,Yes,No internet,Month-to-month,30.73,100.46,No
CUS_00784,Male,25,54,Yes,DSL,Month-to-month,44.49,2402.19,No
CUS_00785,Female,48,46,Yes,Fiber optic,Month-to-month,82.6,3802.04,No
CUS_00786,Female,55,57,Yes,No internet,Month-to-month,32.48,1856.81,No
CUS_00787,Female,20,60,Yes,No internet,One year,26.28,1574.48,No
CUS_00788,Male,61,15,Yes,DSL,Month-to-month,61.57,908.75,No
CUS_00789,Male,52,15,Yes,DSL,Two years,43.97,663.45,No
CUS_00790,Female,18,67,Yes,Fiber optic,Month-to-month,107.95,7228.65,No
CUS_00791,Male,24,38,Yes,DSL,Month-to-month,49.43,1867.6,No
CUS_00792,Female,46,31,Yes,DSL,Two years,38.07,1183.6,No
CUS_00793,Female,63,20,Yes,DSL,One year,59.99,1215.25,No
CUS_00794,Male,70,46,Yes,DSL,Month-to-month,67.69,3093.88,No
CUS_00795,Female,45,55,Yes,Fiber optic,One year,71.44,3942.35,No
CUS_00796,Male,36,0,No,Fiber optic,Month-to-month,88.57,0.0,No
CUS_00797,Male,79,40,Yes,Fiber optic,Month-to-month,115.86,4626.05,No
CUS_00798,Female,46,72,Yes,Fiber optic,Month-to-month,72.76,5262.82,No
CUS_00799,Female,37,20,No,Fiber optic,Month-to-month,90.69,1808.44,No
CUS_00800,Male,45,20,No,DSL,One year,83.19,1665.15,No
CUS_00801,Female,18,64,Yes,DSL,Month-to-month,64.54,4139.42,No
CUS_00802,Female,37,4,Yes,DSL,One year,51.52,190.16,No
CUS_00803,Female,50,29,Yes,DSL,One year,62.78,,No
CUS_00804,Male,75,33,Yes,DSL,Month-to-month,67.99,2244.46,No
CUS_00805,Male,64,58,Yes,DSL,Month-to-month,66.54,3881.63,No
CUS_00806,Female,67,9,Yes,DSL,Month-to-month,45.04,395.34,No
CUS_00807,Female,52,31,Yes,Fiber optic,One year,97.93,3029.1,No
CUS_00808,Female,24,11,Yes,Fiber optic,One year,77.84,843.23,Yes
CUS_00809,Male,42,57,Yes,No internet,One year,21.72,1234.0,No
CUS_00810,Male,80,46,Yes,Fiber optic,Month-to-month,99.58,4600.89,No
CUS_00811,Female,20,36,Yes,Fiber optic,Month-to-month,66.48,2393.6,No
CUS_00812,Male,73,28,Yes,DSL,Month-to-month,82.78,2309.56,No
CUS_00813,Male,61,11,Yes,Fiber optic,Month-to-month,91.86,1001.9,No
CUS_00814,Female,35,67,Yes,,One year,72.53,4852.16,No
CUS_00815,Female,67,47,Yes,,Month-to-month,85.31,4002.29,No
CUS_00816,Male,70,23,Yes,Fiber optic,Month-to-month,78.67,1791.5,No
CUS_00817,Male,20,30,Yes,Fiber optic,Month-to-month,102.13,3059.14,No
CUS_00818,Male,24,53,Yes,DSL,Month-to-month,91.38,4837.23,No
CUS_00819,Female,59,52,Yes,Fiber optic,One year,86.74,4498.65,No
CUS_00820,Male,80,33,No,No internet,Month-to-month,36.43,1203.21,No
CUS_00821,Female,19,22,Yes,Fiber optic,Two years,80.17,1767.2,No
CUS_00822,Male,59,48,No,Fiber optic,Two years,81.52,3904.79,No
CUS_00823,Female,26,48,Yes,Fiber optic,Two years,101.54,4871.29,No
CUS_00824,Female,58,43,No,DSL,One year,78.33,3398.63,No
CUS_00825,Female,57,5,Yes,Fiber optic,One year,102.01,548.98,Yes
CUS_00826,Female,23,34,Yes,Fiber optic,One year,84.86,2869.14,No
CUS_00827,Female,60,44,Yes,,Month-to-month,94.01,4120.97,No
CUS_00828,Male,74,69,Yes,DSL,Month-to-month,53.87,3706.76,No
CUS_00829,Female,72,38,Yes,No internet,One year,19.41,741.27,No
CUS_00830,Female,19,25,Yes,Fiber optic,Month-to-month,91.01,2268.72,No
CUS_00831,Female,33,40,Yes,Fiber optic,Month-to-month,111.07,4447.59,No
CUS_00832,Male,33,12,Yes,Fiber optic,Two years,93.43,1154.74,No
CUS_00833,Female,46,6,Yes,Fiber optic,Month-to-month,110.4,662.19,No
CUS_00834,Male,27,49,Yes,Fiber optic,Month-to-month,80.71,3965.05,No
CUS_00835,Female,71,71,Yes,DSL,One year,44.75,3181.44,No
CUS_00836,Female,66,61,Yes,Fiber optic,Month-to-month,75.68,4608.47,No
CUS_00837,Male,68,42,Yes,Fiber optic,Two years,69.08,2914.53,No
CUS_00838,Female,30,2,Yes,DSL,Month-to-month,62.43,115.31,Yes
CUS_00839,Female,18,72,Yes,Fiber optic,Two years,119.52,8634.27,No
CUS_00840,Male,75,32,Yes,DSL,One year,99.33,3168.06,No
CUS_00841,Male,36,21,Yes,Fiber optic,Month-to-month,105.33,2202.87,No
CUS_00842,Male,59,65,Yes,Fiber optic,Month-to-month,86.54,5608.14,No
CUS_00843,Female,75,54,Yes,Fiber optic,Month-to-month,68.23,3673.07,No
CUS_00844,Female,20,54,Yes,Fiber optic,Month-to-month,108.56,5853.9,No
CUS_00845,Female,18,20,Yes,No internet,Month-to-month,30.38,594.3,No
CUS_00846,Female,18,72,Yes,Fiber optic,Two years,69.99,5036.34,No
CUS_00847,Female,27,33,Yes,Fiber optic,Month-to-month,111.09,3655.81,No
CUS_00848,Male,21,38,Yes,Fiber optic,Two years,114.39,4363.09,Yes
CUS_00849,Male,69,54,Yes,DSL,Month-to-month,58.49,3162.91,No
CUS_00850,Male,56,48,Yes,DSL,Two years,70.71,3385.07,No
CUS_00851,Male,79,12,No,Fiber optic,Month-to-month,110.91,1321.77,No
CUS_00852,Female,68,22,Yes,DSL,Month-to-month,56.62,1243.25,Yes
CUS_00853,Male,78,26,Yes,DSL,One year,59.86,1572.37,No
CUS_00854,Male,33,69,Yes,Fiber optic,Month-to-month,88.17,6070.68,No
CUS_00855,Male,36,52,Yes,Fiber optic,Two years,120.0,6224.45,No
CUS_00856,Male,71,26,No,DSL,Month-to-month,61.32,1581.86,No
CUS_00857,Male,33,53,Yes,No internet,Month-to-month,18.0,949.2,No
CUS_00858,Male,21,53,Yes,Fiber optic,Month-to-month,77.77,4126.11,No
CUS_00859,Female,60,28,Yes,Fiber optic,One year,81.89,2295.91,No
CUS_00860,Male,68,29,Yes,DSL,Month-to-month,78.22,2286.44,No
CUS_00861,Male,78,65,Yes,Fiber optic,Month-to-month,120.0,7822.49,No
CUS_00862,Male,76,41,Yes,DSL,Month-to-month,82.09,3401.11,No
CUS_00863,Female,25,10,Yes,Fiber optic,Month-to-month,73.15,730.53,Yes
CUS_00864,Female,66,52,Yes,DSL,Month-to-month,90.74,4714.22,No
CUS_00865,Female,71,43,Yes,No internet,Two years,35.81,1531.45,No
CUS_00866,Female,61,37,Yes,DSL,Month-to-month,28.82,1069.95,No
CUS_00867,Female,69,52,Yes,Fiber optic,One year,65.85,3425.6,No
CUS_00868,Female,70,66,Yes,DSL,Month-to-month,59.05,3904.22,No
CUS_00869,Male,46,24,Yes,Fiber optic,Month-to-month,64.69,1539.3,No
CUS_00870,Female,20,30,Yes,Fiber optic,Month-to-month,75.22,2261.36,No
CUS_00871,Male,46,13,Yes,DSL,Month-to-month,52.7,687.05,Yes
CUS_00872,Male,30,47,Yes,DSL,Month-to-month,82.55,3881.92,No
CUS_00873,Female,25,29,Yes,DSL,Month-to-month,58.98,1703.17,Yes
CUS_00874,Male,25,24,Yes,DSL,Month-to-month,62.08,1503.21,No
CUS_00875,Male,61,50,Yes,No internet,Two years,18.0,906.64,No
CUS_00876,Female,49,29,Yes,Fiber optic,Month-to-month,106.89,3078.45,Yes
CUS_00877,Male,52,33,Yes,DSL,Month-to-month,61.18,2026.87,No
CUS_00878,Male,64,32,Yes,No internet,Month-to-month,42.82,1348.06,No
CUS_00879,Female,52,18,Yes,DSL,Month-to-month,68.68,1244.51,No
CUS_00880,Female,57,9,Yes,Fiber optic,One year,75.96,658.07,No
CUS_00881,Male,23,60,Yes,Fiber optic,Month-to-month,99.43,5956.4,Yes
CUS_00882,Female,71,6,Yes,No internet,One year,22.53,129.86,Yes
CUS_00883,Female,46,23,Yes,Fiber optic,Month-to-month,86.4,1983.85,No
CUS_00884,Male,27,48,Yes,Fiber optic,Month-to-month,90.06,4336.48,No
CUS_00885,Male,69,9,Yes,No internet,Two years,33.51,290.39,No
CUS_00886,Male,64,47,Yes,DSL,Month-to-month,76.69,3599.47,No
CUS_00887,Male,21,53,Yes,No internet,One year,42.06,2225.29,No
CUS_00888,Male,30,48,Yes,No internet,Month-to-month,30.02,1449.5,No
CUS_00889,Male,18,22,Yes,No internet,Two years,18.0,397.4,No
CUS_00890,Male,35,1,Yes,DSL,Month-to-month,55.56,43.79,No
CUS_00891,Male,24,64,No,DSL,Month-to-month,86.45,5525.47,No
CUS_00892,Male,62,23,Yes,Fiber optic,One year,115.43,2687.22,Yes
CUS_00893,Male,50,58,Yes,Fiber optic,Month-to-month,115.1,6690.6,No
CUS_00894,Male,79,14,No,Fiber optic,Month-to-month,120.0,1660.17,No
CUS_00895,Male,65,11,Yes,No internet,Two years,34.11,373.57,No
CUS_00896,Female,56,56,Yes,Fiber optic,One year,96.83,5418.38,No
CUS_00897,Male,50,68,Yes,DSL,One year,62.21,4224.26,No
CUS_00898,Female,21,62,Yes,Fiber optic,One year,86.13,5313.55,No
CUS_00899,Female,22,54,Yes,DSL,Two years,72.67,3915.32,No
CUS_00900,Female,56,18,Yes,DSL,Two years,54.39,992.62,No
CUS_00901,Female,18,66,Yes,DSL,One year,71.62,4722.01,No
CUS_00902,Male,20,48,Yes,No internet,Month-to-month,40.13,1925.49,No
CUS_00903,Female,31,12,Yes,Fiber optic,Month-to-month,98.02,1178.72,No
CUS_00904,Male,73,9,Yes,Fiber optic,One year,90.77,853.17,No
CUS_00905,Male,46,63,Yes,DSL,Two years,64.85,4085.65,No
CUS_00906,Male,62,20,Yes,Fiber optic,Month-to-month,72.67,,No
CUS_00907,Male,43,55,Yes,No internet,Month-to-month,18.41,1010.57,No
CUS_00908,Male,28,10,Yes,No internet,Month-to-month,25.75,256.3,No
CUS_00909,Male,41,20,Yes,Fiber optic,Month-to-month,83.79,1675.99,No
CUS_00910,Female,23,20,Yes,No internet,Two years,39.49,784.3,No
CUS_00911,Female,66,20,No,Fiber optic,Month-to-month,69.91,1395.64,Yes
CUS_00912,Male,29,49,Yes,Fiber optic,One year,120.0,5899.18,No
CUS_00913,Female,41,66,Yes,No internet,One year,43.4,2858.15,No
CUS_00914,Male,79,66,Yes,Fiber optic,Two years,73.17,4829.22,No
CUS_00915,Male,55,54,Yes,Fiber optic,Month-to-month,106.85,5783.53,No
CUS_00916,Female,46,14,Yes,DSL,Two years,69.89,968.09,No
CUS_00917,Female,52,70,Yes,Fiber optic,One year,96.72,6789.47,No
CUS_00918,Male,67,39,No,Fiber optic,One year,102.41,3995.33,No
CUS_00919,Male,34,39,Yes,Fiber optic,Month-to-month,86.97,3389.25,No
CUS_00920,Male,58,51,Yes,Fiber optic,Month-to-month,95.67,4844.59,No
CUS_00921,Male,72,56,Yes,DSL,One year,35.88,2006.87,No
CUS_00922,Male,54,69,Yes,No internet,Month-to-month,37.2,2569.29,No
CUS_00923,Female,46,42,Yes,DSL,Month-to-month,57.15,2418.25,No
CUS_00924,Female,27,44,Yes,No internet,One year,36.75,1620.76,No
CUS_00925,Male,33,54,Yes,DSL,One year,58.06,3147.01,No
CUS_00926,Female,77,18,Yes,Fiber optic,Month-to-month,81.01,1440.55,No
CUS_00927,Male,52,22,Yes,Fiber optic,Month-to-month,99.14,2178.82,Yes
CUS_00928,Male,36,45,Yes,No internet,Month-to-month,27.06,1223.65,No
CUS_00929,Male,44,4,Yes,DSL,Two years,65.45,251.34,No
CUS_00930,Female,54,23,Yes,No internet,Two years,28.17,652.8,No
CUS_00931,Female,51,52,Yes,Fiber optic,Month-to-month,98.43,5131.35,No
CUS_00932,Female,62,71,Yes,Fiber optic,Month-to-month,111.92,7951.85,No
CUS_00933,Male,34,37,Yes,Fiber optic,Month-to-month,78.66,2905.77,No
CUS_00934,Female,58,29,Yes,DSL,Month-to-month,52.72,1519.52,No
CUS_00935,Male,45,32,Yes,Fiber optic,Two years,102.29,3305.97,No
CUS_00936,Male,77,50,Yes,DSL,Month-to-month,75.96,3806.64,No
CUS_00937,Female,27,39,Yes,DSL,Month-to-month,66.73,2606.56,Yes
CUS_00938,Male,27,1,Yes,Fiber optic,Month-to-month,92.15,85.3,No
CUS_00939,Female,47,39,Yes,Fiber optic,Month-to-month,64.46,2514.38,Yes
CUS_00940,Female,50,29,Yes,DSL,Two years,73.42,2131.36,No
CUS_00941,Female,61,51,Yes,DSL,One year,81.73,4174.11,No
CUS_00942,Male,43,63,Yes,DSL,One year,62.87,3969.12,No
CUS_00943,Male,75,70,Yes,DSL,Month-to-month,65.64,4585.55,No
CUS_00944,Female,47,44,Yes,Fiber optic,Two years,90.14,3942.36,No
CUS_00945,Female,26,26,Yes,DSL,Month-to-month,68.85,1791.14,Yes
CUS_00946,Female,25,32,Yes,No internet,Two years,18.41,583.33,No
CUS_00947,Female,79,12,Yes,DSL,Two years,88.72,1059.47,No
CUS_00948,Male,26,68,Yes,DSL,Month-to-month,43.99,2987.29,No
CUS_00949,Male,77,61,Yes,No internet,Two years,35.56,2172.31,No
CUS_00950,Female,35,62,Yes,DSL,Month-to-month,52.11,3249.42,No
CUS_00951,Male,23,23,Yes,Fiber optic,One year,120.0,2718.0,No
CUS_00952,Female,37,23,Yes,No internet,Month-to-month,37.06,867.55,No
CUS_00953,Male,56,62,Yes,No internet,Month-to-month,30.9,1914.5,No
CUS_00954,Female,44,39,Yes,Fiber optic,Month-to-month,90.32,3528.13,Yes
CUS_00955,Female,67,51,Yes,DSL,Month-to-month,62.57,3175.14,No
CUS_00956,Male,56,35,Yes,Fiber optic,Month-to-month,98.81,3476.08,Yes
CUS_00957,Male,43,32,Yes,No internet,Month-to-month,18.0,576.13,Yes
CUS_00958,Female,57,46,Yes,No internet,One year,18.0,827.8,No
CUS_00959,Male,79,59,Yes,DSL,Month-to-month,83.42,4892.69,No
CUS_00960,Female,43,24,Yes,Fiber optic,Month-to-month,94.08,2259.17,Yes
CUS_00961,Female,27,59,Yes,DSL,Two years,84.31,4987.13,No
CUS_00962,Female,43,17,No,DSL,Two years,68.83,1167.18,No
CUS_00963,Male,70,29,Yes,Fiber optic,Month-to-month,98.67,2882.28,No
CUS_00964,Female,31,66,Yes,DSL,Month-to-month,69.31,4588.59,No
CUS_00965,Male,77,69,Yes,DSL,One year,49.7,3423.56,No
CUS_00966,Female,55,67,No,DSL,One year,96.67,6504.65,No
CUS_00967,Female,55,23,Yes,Fiber optic,Month-to-month,83.17,1913.59,No
CUS_00968,Male,37,61,Yes,DSL,One year,85.69,5227.86,No
CUS_00969,Male,75,68,Yes,Fiber optic,Month-to-month,109.59,7454.07,No
CUS_00970,Male,20,71,No,DSL,Month-to-month,92.54,6571.49,No
CUS_00971,Female,36,1,Yes,No internet,One year,28.0,14.74,No
CUS_00972,Male,44,54,Yes,DSL,One year,66.17,3570.97,No
CUS_00973,Male,48,72,Yes,Fiber optic,Two years,117.17,8407.47,No
CUS_00974,Female,47,55,Yes,DSL,Month-to-month,68.88,3808.56,No
CUS_00975,Female,27,17,Yes,DSL,Month-to-month,51.86,896.43,No
CUS_00976,Female,32,55,Yes,DSL,Month-to-month,80.62,4446.46,No
CUS_00977,Female,24,7,Yes,DSL,Month-to-month,83.57,581.4,No
CUS_00978,Female,54,35,Yes,DSL,Month-to-month,28.51,992.68,No
CUS_00979,Female,40,45,Yes,Fiber optic,Month-to-month,83.92,3766.47,No
CUS_00980,Male,53,33,Yes,Fiber optic,Month-to-month,77.27,2576.93,Yes
CUS_00981,Female,55,51,Yes,DSL,One year,64.55,3284.01,No
CUS_00982,Female,62,17,Yes,Fiber optic,Month-to-month,120.0,1989.12,No
CUS_00983,Female,52,44,Yes,Fiber optic,Month-to-month,97.9,4325.75,No
CUS_00984,Female,58,47,Yes,DSL,One year,84.23,3981.56,No
CUS_00985,Female,54,46,Yes,DSL,Month-to-month,68.43,3168.22,No
CUS_00986,Male,59,21,Yes,DSL,Two years,63.68,1349.18,No
CUS_00987,Female,56,22,Yes,DSL,Month-to-month,43.53,967.07,No
CUS_00988,Female,37,18,Yes,Fiber optic,Month-to-month,76.42,1376.29,No
CUS_00989,Male,33,33,No,No internet,Two years,18.0,587.27,No
CUS_00990,Female,67,42,Yes,,One year,27.3,1146.74,No
CUS_00991,Male,39,26,Yes,No internet,One year,41.05,1071.89,No
CUS_00992,Female,52,29,Yes,Fiber optic,One year,97.95,2838.17,No
CUS_00993,Female,30,20,Yes,DSL,Month-to-month,83.86,1674.47,No
CUS_00994,Male,45,15,No,DSL,One year,76.96,1141.04,No
CUS_00995,Male,51,47,Yes,DSL,Two years,85.93,4023.22,No
CUS_00996,Female,57,59,Yes,DSL,Two years,86.08,5107.2,No
CUS_00997,Male,51,21,Yes,DSL,Month-to-month,60.1,1282.38,No
CUS_00998,Female,40,62,Yes,Fiber optic,Month-to-month,74.93,4645.62,No
CUS_00999,Male,78,41,Yes,DSL,One year,70.22,2882.58,No
CUS_01000,Female,50,12,Yes,DSL,Month-to-month,76.03,898.94,Yes
CUS_01001,Female,68,26,No,Fiber optic,Month-to-month,76.95,2009.6,Yes
CUS_01002,Female,64,0,Yes,DSL,Month-to-month,94.46,29.92,Yes
CUS_01003,Male,53,2,Yes,No internet,Month-to-month,18.0,31.05,Yes
CUS_01004,Female,73,24,Yes,DSL,Month-to-month,58.32,1404.55,No
CUS_01005,Male,26,33,Yes,Fiber optic,Month-to-month,75.18,2488.23,No
CUS_01006,Male,76,58,Yes,DSL,Month-to-month,87.97,5110.61,No
CUS_01007,Male,71,9,Yes,Fiber optic,Month-to-month,120.0,1115.48,No
CUS_01008,Female,49,61,Yes,DSL,Two years,48.07,2949.89,No
CUS_01009,Female,64,17,Yes,DSL,Month-to-month,63.59,1078.36,No
CUS_01010,Male,50,10,Yes,Fiber optic,Month-to-month,67.93,687.53,No
CUS_01011,Male,34,51,Yes,DSL,Month-to-month,79.5,4055.71,Yes
CUS_01012,Female,68,56,Yes,DSL,Month-to-month,69.01,3856.71,No
CUS_01013,Male,33,44,Yes,No internet,Two years,36.54,1609.54,No
CUS_01014,Male,37,8,Yes,DSL,Two years,50.54,410.43,No
CUS_01015,Female,50,8,Yes,Fiber optic,Month-to-month,96.82,778.34,Yes
CUS_01016,Male,70,28,Yes,Fiber optic,Month-to-month,63.38,1764.59,No
CUS_01017,Female,42,32,Yes,DSL,Month-to-month,55.54,1772.65,No
CUS_01018,Female,49,72,Yes,Fiber optic,Month-to-month,82.42,5927.48,No
CUS_01019,Male,20,20,Yes,DSL,Month-to-month,79.27,1573.38,No
CUS_01020,Male,25,14,No,Fiber optic,Month-to-month,91.48,1285.88,Yes
CUS_01021,Female,21,69,Yes,DSL,Month-to-month,54.69,3777.73,No
CUS_01022,Female,22,11,Yes,DSL,One year,67.88,758.65,No
CUS_01023,Female,72,1,Yes,DSL,Month-to-month,37.93,32.07,Yes
CUS_01024,Male,71,30,No,No internet,Month-to-month,38.74,1158.17,No
CUS_01025,Female,69,29,No,Fiber optic,Month-to-month,73.33,2147.09,Yes
CUS_01026,Female,21,45,Yes,No internet,Month-to-month,44.73,2011.53,No
CUS_01027,Male,22,64,Yes,Fiber optic,Month-to-month,75.51,4833.05,No
CUS_01028,Female,35,68,Yes,Fiber optic,Month-to-month,86.64,5888.79,No
CUS_01029,Female,53,21,Yes,Fiber optic,Month-to-month,88.76,1882.06,No
CUS_01030,Male,39,71,Yes,No internet,Month-to-month,36.15,2574.27,No
CUS_01031,Male,48,46,Yes,Fiber optic,Two years,84.53,3905.32,No
CUS_01032,Female,28,5,Yes,DSL,Two years,67.34,337.02,No
CUS_01033,Male,64,68,Yes,Fiber optic,Month-to-month,65.08,4415.22,No
CUS_01034,Male,37,10,Yes,Fiber optic,Month-to-month,116.04,1200.61,No
CUS_01035,Male,22,42,Yes,DSL,One year,49.41,2082.84,No
CUS_01036,Female,64,57,Yes,Fiber optic,One year,107.82,6136.88,No
CUS_01037,Male,74,18,Yes,DSL,Month-to-month,57.94,1057.77,No
CUS_01038,Female,18,19,Yes,No internet,Month-to-month,36.87,696.98,No
CUS_01039,Female,45,34,Yes,DSL,Month-to-month,60.8,2082.64,No
CUS_01040,Female,70,64,Yes,No internet,One year,34.04,2187.62,No
CUS_01041,Female,62,16,Yes,Fiber optic,Month-to-month,89.79,1421.75,No
CUS_01042,Male,71,48,Yes,Fiber optic,Month-to-month,120.0,5772.57,No
CUS_01043,Male,44,33,Yes,DSL,Month-to-month,56.57,,No
CUS_01044,Male,41,8,Yes,No internet,Month-to-month,32.84,278.18,No
CUS_01045,Female,62,51,Yes,Fiber optic,Month-to-month,74.4,3784.46,No
CUS_01046,Female,27,60,Yes,DSL,One year,46.62,2809.22,No
CUS_01047,Male,33,42,Yes,DSL,Month-to-month,43.31,1819.16,No
CUS_01048,Female,55,12,Yes,DSL,Month-to-month,59.65,702.47,No
CUS_01049,Female,60,11,Yes,DSL,Month-to-month,59.79,656.4,Yes
CUS_01050,Male,25,30,Yes,Fiber optic,Two years,110.75,3322.55,No
CUS_01051,Male,50,36,Yes,No internet,Month-to-month,26.91,963.63,No
CUS_01052,Male,40,40,Yes,Fiber optic,Month-to-month,78.89,3160.03,No
CUS_01053,Male,49,17,Yes,Fiber optic,Month-to-month,79.95,1372.93,No
CUS_01054,Male,78,36,Yes,Fiber optic,Two years,83.82,3021.11,No
CUS_01055,Female,22,21,Yes,No internet,One year,27.9,583.18,No
CUS_01056,Female,80,50,No,No internet,Two years,28.2,1409.25,No
CUS_01057,Female,46,58,Yes,DSL,One year,89.92,5215.29,No
CUS_01058,Male,66,47,Yes,No internet,Month-to-month,42.52,2000.1,No
CUS_01059,Female,44,0,Yes,Fiber optic,Month-to-month,85.91,17.16,No
CUS_01060,Male,37,72,Yes,No internet,Month-to-month,23.47,1690.99,No
CUS_01061,Male,66,1,Yes,,One year,26.22,19.6,No
CUS_01062,Female,61,72,Yes,Fiber optic,One year,103.43,7436.49,No
CUS_01063,Female,27,2,Yes,DSL,Month-to-month,70.48,143.07,No
CUS_01064,Male,62,37,Yes,Fiber optic,Two years,83.61,3110.49,No
CUS_01065,Male,65,7,Yes,DSL,Month-to-month,55.02,397.99,No
CUS_01066,Female,42,6,Yes,,Month-to-month,109.62,692.74,No
CUS_01067,Female,76,49,Yes,DSL,Month-to-month,68.14,3340.46,No
CUS_01068,Male,58,53,Yes,,Two years,108.67,5774.44,No
CUS_01069,Female,39,8,No,No internet,Two years,23.52,182.0,Yes
CUS_01070,Female,18,71,Yes,DSL,Month-to-month,69.53,4942.01,No
CUS_01071,Male,60,23,Yes,Fiber optic,Two years,88.14,2010.16,No
CUS_01072,Female,31,23,Yes,Fiber optic,Two years,85.17,1957.95,No
CUS_01073,Female,65,21,Yes,,Two years,120.0,2585.44,No
CUS_01074,Female,51,33,Yes,DSL,Two years,66.67,2203.75,No
CUS_01075,Male,47,12,Yes,DSL,Month-to-month,70.52,835.28,No
CUS_01076,Male,28,31,Yes,Fiber optic,One year,68.32,2122.93,No
CUS_01077,Female,62,15,Yes,Fiber optic,One year,94.63,1410.64,No
CUS_01078,Female,28,3,Yes,Fiber optic,One year,97.24,274.9,No
CUS_01079,Male,44,26,Yes,DSL,Month-to-month,88.89,2344.79,Yes
CUS_01080,Female,70,49,Yes,Fiber optic,One year,75.7,3723.84,No
CUS_01081,Female,75,55,Yes,DSL,Two years,84.35,4644.5,No
CUS_01082,Male,80,25,Yes,DSL,Month-to-month,76.76,1913.59,No
CUS_01083,Female,78,23,Yes,Fiber optic,Two years,117.53,2696.62,No
CUS_01084,Male,53,57,Yes,DSL,Month-to-month,79.87,4574.77,No
CUS_01085,Male,30,49,Yes,Fiber optic,Month-to-month,120.0,5886.62,No
CUS_01086,Male,70,60,Yes,No internet,Month-to-month,18.0,1070.01,No
CUS_01087,Male,68,66,Yes,Fiber optic,One year,71.7,4763.44,No
CUS_01088,Female,80,59,No,Fiber optic,One year,86.8,5124.06,No
CUS_01089,Male,59,68,Yes,DSL,Month-to-month,55.55,3780.83,No
CUS_01090,Female,26,30,Yes,DSL,One year,72.14,2178.31,No
CUS_01091,Male,49,28,Yes,DSL,Month-to-month,60.83,1708.34,No
CUS_01092,Female,46,23,No,Fiber optic,Month-to-month,103.21,2387.71,No
CUS_01093,Male,71,17,Yes,No internet,Two years,33.83,572.53,No
CUS_01094,Female,42,54,Yes,DSL,One year,53.56,2880.38,No
CUS_01095,Female,38,52,No,DSL,One year,59.44,3093.88,No
CUS_01096,Female,23,58,Yes,,One year,60.35,3515.85,No
CUS_01097,Male,70,12,No,Fiber optic,Two years,85.3,1013.65,No
CUS_01098,Male,65,35,Yes,Fiber optic,Month-to-month,101.01,3522.11,No
CUS_01099,Male,20,16,Yes,Fiber optic,Month-to-month,78.26,1269.36,Yes
CUS_01100,Male,45,65,Yes,No internet,Month-to-month,18.0,1168.52,No
CUS_01101,Male,48,19,Yes,DSL,One year,52.29,989.65,No
CUS_01102,Female,47,10,No,Fiber optic,One year,84.97,843.99,No
CUS_01103,Male,75,41,Yes,Fiber optic,One year,92.48,3790.6,No
CUS_01104,Male,27,64,No,DSL,Month-to-month,74.44,4743.07,Yes
CUS_01105,Male,37,66,Yes,No internet,Month-to-month,47.84,3152.8,No
CUS_01106,Female,29,7,Yes,DSL,One year,81.66,575.01,No
CUS_01107,Female,33,23,No,Fiber optic,Two years,115.97,2671.97,No
CUS_01108,Female,75,11,Yes,Fiber optic,Month-to-month,67.28,754.1,Yes
CUS_01109,Male,77,22,No,No internet,Month-to-month,40.65,907.76,Yes
CUS_01110,Male,20,38,Yes,Fiber optic,Month-to-month,92.8,3551.66,No
CUS_01111,Female,57,20,Yes,DSL,Month-to-month,55.3,1115.1,No
CUS_01112,Female,32,4,Yes,No internet,Month-to-month,33.27,132.19,No
CUS_01113,Male,30,37,Yes,Fiber optic,Month-to-month,82.4,3039.56,No
CUS_01114,Male,36,3,Yes,Fiber optic,One year,108.89,327.02,No
CUS_01115,Male,30,16,Yes,Fiber optic,Month-to-month,72.54,1168.29,No
CUS_01116,Female,48,0,Yes,DSL,Month-to-month,36.9,5.46,No
CUS_01117,Male,80,6,Yes,Fiber optic,Month-to-month,104.83,640.74,Yes
CUS_01118,Female,54,31,Yes,No internet,Two years,32.56,1008.65,No
CUS_01119,Female,63,62,Yes,DSL,Month-to-month,70.97,4410.19,No
CUS_01120,Female,49,56,Yes,Fiber optic,Month-to-month,80.0,4498.16,No
CUS_01121,Female,18,7,No,No internet,Month-to-month,26.37,188.77,Yes
CUS_01122,Male,23,2,Yes,Fiber optic,One year,84.79,169.09,No
CUS_01123,Female,34,24,Yes,No internet,Two years,19.92,475.09,No
CUS_01124,Male,33,47,Yes,Fiber optic,Month-to-month,80.18,,No
CUS_01125,Male,70,54,Yes,No internet,Month-to-month,32.92,1773.64,No
CUS_01126,Male,71,60,Yes,DSL,Month-to-month,55.86,3354.18,Yes
CUS_01127,Male,71,24,Yes,Fiber optic,One year,70.13,1689.68,Yes
CUS_01128,Male,58,12,Yes,Fiber optic,Two years,68.29,802.09,No
CUS_01129,Male,53,1,Yes,Fiber optic,Month-to-month,89.67,81.54,No
CUS_01130,Male,58,10,Yes,No internet,Month-to-month,40.33,405.07,No
CUS_01131,Male,43,4,Yes,Fiber optic,One year,93.27,357.98,Yes
CUS_01132,Male,60,62,Yes,Fiber optic,One year,120.0,7449.37,No
CUS_01133,Male,68,19,Yes,Fiber optic,Month-to-month,97.17,1840.85,No
CUS_01134,Female,66,60,Yes,Fiber optic,Month-to-month,71.77,4296.85,No
CUS_01135,Male,56,40,Yes,Fiber optic,Month-to-month,95.77,3831.72,No
CUS_01136,Male,21,39,Yes,DSL,One year,68.16,2663.05,No
CUS_01137,Male,63,33,Yes,Fiber optic,One year,69.28,2275.66,No
CUS_01138,Male,41,59,Yes,No internet,One year,27.44,1617.76,No
CUS_01139,Female,64,3,Yes,Fiber optic,Two years,92.81,286.24,Yes
CUS_01140,Female,51,6,Yes,Fiber optic,Month-to-month,106.75,625.86,No
CUS_01141,Female,73,30,No,Fiber optic,Month-to-month,103.31,3068.47,No
CUS_01142,Female,39,28,Yes,Fiber optic,Month-to-month,83.08,2303.26,No
CUS_01143,Male,76,39,Yes,DSL,Two years,79.91,3110.48,No
CUS_01144,Female,71,53,Yes,Fiber optic,One year,96.74,5104.26,No
CUS_01145,Male,38,42,Yes,Fiber optic,Month-to-month,80.88,3391.9,Yes
CUS_01146,Female,48,18,Yes,DSL,Month-to-month,72.49,1326.54,No
CUS_01147,Male,51,23,Yes,DSL,One year,69.05,1571.02,No
CUS_01148,Female,66,54,Yes,Fiber optic,One year,101.28,5463.97,No
CUS_01149,Male,61,14,No,Fiber optic,One year,103.3,1485.85,No
CUS_01150,Female,71,36,Yes,Fiber optic,Month-to-month,70.21,2532.72,Yes
CUS_01151,Male,41,39,Yes,DSL,Two years,87.54,3408.27,No
CUS_01152,Female,49,54,Yes,Fiber optic,One year,72.55,3915.65,No
CUS_01153,Female,45,52,Yes,Fiber optic,One year,101.92,5307.72,No
CUS_01154,Female,75,33,No,Fiber optic,One year,62.16,2070.25,No
CUS_01155,Male,37,22,Yes,Fiber optic,Two years,75.78,1659.92,No
CUS_01156,Male,54,26,Yes,DSL,Two years,85.23,2204.36,No
CUS_01157,Female,25,30,Yes,No internet,One year,21.25,632.23,No
CUS_01158,Male,71,16,Yes,DSL,Month-to-month,43.57,697.93,No
CUS_01159,Male,42,45,Yes,Fiber optic,Month-to-month,120.0,5369.64,No
CUS_01160,Male,39,15,No,DSL,Two years,67.29,1003.73,No
CUS_01161,Male,54,47,Yes,Fiber optic,One year,88.73,4155.8,No
CUS_01162,Male,49,54,No,DSL,Month-to-month,94.69,5131.57,No
CUS_01163,Male,71,70,Yes,No internet,Month-to-month,42.64,2980.9,No
CUS_01164,Female,51,8,Yes,Fiber optic,Two years,120.0,968.57,No
CUS_01165,Female,50,55,Yes,Fiber optic,Two years,69.69,3812.83,No
CUS_01166,Male,24,6,Yes,DSL,Two years,57.31,345.22,No
CUS_01167,Male,19,24,Yes,DSL,Month-to-month,82.19,1954.76,No
CUS_01168,Male,43,12,Yes,Fiber optic,One year,109.82,1309.43,No
CUS_01169,Female,80,11,Yes,Fiber optic,Two years,93.44,1065.03,No
CUS_01170,Male,75,12,Yes,Fiber optic,Month-to-month,102.06,1241.84,Yes
CUS_01171,Female,57,3,Yes,No internet,Month-to-month,41.43,123.33,No
CUS_01172,Female,57,60,Yes,Fiber optic,Two years,92.36,5594.78,No
CUS_01173,Female,42,4,Yes,No internet,Month-to-month,44.92,172.28,No
CUS_01174,Male,29,29,No,,One year,95.39,2786.32,No
CUS_01175,Female,18,51,Yes,Fiber optic,One year,88.21,4474.37,No
CUS_01176,Female,39,72,Yes,Fiber optic,One year,97.68,7028.67,No
CUS_01177,Female,37,62,Yes,Fiber optic,Month-to-month,93.06,5747.14,No
CUS_01178,Female,30,10,Yes,No internet,One year,41.01,412.0,No
CUS_01179,Female,34,72,Yes,Fiber optic,Month-to-month,115.91,8346.69,No
CUS_01180,Male,19,47,Yes,No internet,Two years,42.14,1978.25,No
CUS_01181,Female,56,13,Yes,Fiber optic,Month-to-month,118.96,1569.86,No
CUS_01182,Female,76,32,Yes,DSL,One year,65.85,2100.48,No
CUS_01183,Male,61,67,Yes,Fiber optic,One year,105.04,7043.86,No
CUS_01184,Male,46,28,Yes,Fiber optic,Month-to-month,59.81,1683.51,No
CUS_01185,Female,44,13,Yes,No internet,Month-to-month,33.08,421.21,No
CUS_01186,Male,37,63,Yes,No internet,One year,32.91,2068.9,No
CUS_01187,Male,26,69,Yes,,Month-to-month,75.28,5195.05,No
CUS_01188,Female,55,71,Yes,DSL,Month-to-month,78.4,5575.29,No
CUS_01189,Female,53,69,Yes,DSL,Month-to-month,69.18,4791.12,No
CUS_01190,Female,18,63,Yes,Fiber optic,Two years,85.98,5413.4,No
CUS_01191,Male,44,33,Yes,DSL,One year,68.11,2243.75,No
CUS_01192,Male,35,14,Yes,Fiber optic,Month-to-month,111.67,1545.84,No
CUS_01193,Female,28,45,Yes,Fiber optic,Two years,82.13,3700.73,No
CUS_01194,Female,62,16,Yes,No internet,Month-to-month,27.87,444.43,No
CUS_01195,Male,51,34,Yes,DSL,Month-to-month,80.25,2724.54,No
CUS_01196,Male,57,47,Yes,Fiber optic,Month-to-month,90.6,4256.67,No
CUS_01197,Male,62,69,Yes,DSL,Month-to-month,61.51,,No
CUS_01198,Female,79,21,Yes,No internet,Month-to-month,32.65,682.34,No
CUS_01199,Male,68,18,No,DSL,One year,67.15,1199.37,No
CUS_01200,Female,57,53,Yes,DSL,Month-to-month,66.81,3546.12,No
